"year","age","caan","caaw","waa","waa.sd","laa","laa.sd","zero","waa.interpol"
1968,1,NA,NA,NA,NA,NA,NA,NA,0.177079221779911
1968,2,NA,NA,NA,NA,NA,NA,NA,0.294057302351526
1968,3,NA,NA,NA,NA,NA,NA,NA,0.357661542360811
1968,4,NA,NA,NA,NA,NA,NA,NA,0.458128094876932
1968,5,NA,NA,NA,NA,NA,NA,NA,0.498747629456903
1968,6,NA,NA,NA,NA,NA,NA,NA,0.567788642864823
1968,7,NA,NA,NA,NA,NA,NA,NA,0.591951249212451
1968,8,NA,NA,NA,NA,NA,NA,NA,0.618224170077595
1968,9,NA,NA,NA,NA,NA,NA,NA,0.645104218836846
1968,10,NA,NA,NA,NA,NA,NA,NA,0.673036735589131
1969,1,NA,NA,NA,NA,NA,NA,NA,0.177079221779911
1969,2,NA,NA,NA,NA,NA,NA,NA,0.294057302351526
1969,3,NA,NA,NA,NA,NA,NA,NA,0.357661542360811
1969,4,NA,NA,NA,NA,NA,NA,NA,0.458128094876932
1969,5,NA,NA,NA,NA,NA,NA,NA,0.498747629456903
1969,6,NA,NA,NA,NA,NA,NA,NA,0.567788642864823
1969,7,NA,NA,NA,NA,NA,NA,NA,0.591951249212451
1969,8,NA,NA,NA,NA,NA,NA,NA,0.618224170077595
1969,9,NA,NA,NA,NA,NA,NA,NA,0.645104218836846
1969,10,NA,NA,NA,NA,NA,NA,NA,0.673036735589131
1970,1,NA,NA,NA,NA,NA,NA,NA,0.177079221779911
1970,2,NA,NA,NA,NA,NA,NA,NA,0.294057302351526
1970,3,NA,NA,NA,NA,NA,NA,NA,0.357661542360811
1970,4,NA,NA,NA,NA,NA,NA,NA,0.458128094876932
1970,5,NA,NA,NA,NA,NA,NA,NA,0.498747629456903
1970,6,NA,NA,NA,NA,NA,NA,NA,0.567788642864823
1970,7,NA,NA,NA,NA,NA,NA,NA,0.591951249212451
1970,8,NA,NA,NA,NA,NA,NA,NA,0.618224170077595
1970,9,NA,NA,NA,NA,NA,NA,NA,0.645104218836846
1970,10,NA,NA,NA,NA,NA,NA,NA,0.673036735589131
1971,1,NA,NA,NA,NA,NA,NA,NA,0.177079221779911
1971,2,NA,NA,NA,NA,NA,NA,NA,0.294057302351526
1971,3,NA,NA,NA,NA,NA,NA,NA,0.357661542360811
1971,4,NA,NA,NA,NA,NA,NA,NA,0.458128094876932
1971,5,NA,NA,NA,NA,NA,NA,NA,0.498747629456903
1971,6,NA,NA,NA,NA,NA,NA,NA,0.567788642864823
1971,7,NA,NA,NA,NA,NA,NA,NA,0.591951249212451
1971,8,NA,NA,NA,NA,NA,NA,NA,0.618224170077595
1971,9,NA,NA,NA,NA,NA,NA,NA,0.645104218836846
1971,10,NA,NA,NA,NA,NA,NA,NA,0.673036735589131
1972,1,NA,NA,NA,NA,NA,NA,NA,0.177079221779911
1972,2,NA,NA,NA,NA,NA,NA,NA,0.294057302351526
1972,3,NA,NA,NA,NA,NA,NA,NA,0.357661542360811
1972,4,NA,NA,NA,NA,NA,NA,NA,0.458128094876932
1972,5,NA,NA,NA,NA,NA,NA,NA,0.498747629456903
1972,6,NA,NA,NA,NA,NA,NA,NA,0.567788642864823
1972,7,NA,NA,NA,NA,NA,NA,NA,0.591951249212451
1972,8,NA,NA,NA,NA,NA,NA,NA,0.618224170077595
1972,9,NA,NA,NA,NA,NA,NA,NA,0.645104218836846
1972,10,NA,NA,NA,NA,NA,NA,NA,0.673036735589131
1973,1,NA,NA,NA,NA,NA,NA,NA,0.177079221779911
1973,2,NA,NA,NA,NA,NA,NA,NA,0.294057302351526
1973,3,NA,NA,NA,NA,NA,NA,NA,0.357661542360811
1973,4,NA,NA,NA,NA,NA,NA,NA,0.458128094876932
1973,5,NA,NA,NA,NA,NA,NA,NA,0.498747629456903
1973,6,NA,NA,NA,NA,NA,NA,NA,0.567788642864823
1973,7,NA,NA,NA,NA,NA,NA,NA,0.591951249212451
1973,8,NA,NA,NA,NA,NA,NA,NA,0.618224170077595
1973,9,NA,NA,NA,NA,NA,NA,NA,0.645104218836846
1973,10,NA,NA,NA,NA,NA,NA,NA,0.673036735589131
1974,1,NA,NA,NA,NA,NA,NA,NA,0.177079221779911
1974,2,NA,NA,NA,NA,NA,NA,NA,0.294057302351526
1974,3,NA,NA,NA,NA,NA,NA,NA,0.357661542360811
1974,4,NA,NA,NA,NA,NA,NA,NA,0.458128094876932
1974,5,NA,NA,NA,NA,NA,NA,NA,0.498747629456903
1974,6,NA,NA,NA,NA,NA,NA,NA,0.567788642864823
1974,7,NA,NA,NA,NA,NA,NA,NA,0.591951249212451
1974,8,NA,NA,NA,NA,NA,NA,NA,0.618224170077595
1974,9,NA,NA,NA,NA,NA,NA,NA,0.645104218836846
1974,10,NA,NA,NA,NA,NA,NA,NA,0.673036735589131
1975,1,NA,NA,NA,NA,NA,NA,NA,0.177079221779911
1975,2,NA,NA,NA,NA,NA,NA,NA,0.294057302351526
1975,3,NA,NA,NA,NA,NA,NA,NA,0.357661542360811
1975,4,NA,NA,NA,NA,NA,NA,NA,0.458128094876932
1975,5,NA,NA,NA,NA,NA,NA,NA,0.498747629456903
1975,6,NA,NA,NA,NA,NA,NA,NA,0.567788642864823
1975,7,NA,NA,NA,NA,NA,NA,NA,0.591951249212451
1975,8,NA,NA,NA,NA,NA,NA,NA,0.618224170077595
1975,9,NA,NA,NA,NA,NA,NA,NA,0.645104218836846
1975,10,NA,NA,NA,NA,NA,NA,NA,0.673036735589131
1976,1,5079.50129203827,899.474135824187,0.177079221779911,0.0426009440169065,258.416089501,18.1327354979541,FALSE,0.177079221779911
1976,2,37834.5150727952,11125.5154380843,0.294057302351526,0.0417381556148157,300.853434322621,14.3503552542698,FALSE,0.294057302351526
1976,3,28806.2502897402,10302.88790826,0.357661542360811,0.0449133295086128,317.096175185263,12.3281744965016,FALSE,0.357661542360811
1976,4,6418.63258633882,2940.5559184944,0.458128094876932,0.0558497385350064,341.373559396455,12.8717495971915,FALSE,0.458128094876932
1976,5,4401.10662100839,2195.04149421501,0.498747629456903,0.0623473467132202,350.564261859219,13.692655610759,FALSE,0.498747629456903
1976,6,2358.57916073695,1339.17446076409,0.567788642864823,0.0742609415646174,365.198551562451,14.6675138753431,FALSE,0.567788642864823
1976,7,2919.03880630619,1727.92866789257,0.591951249212451,0.0671679088479559,370.233641940161,12.4040264255224,FALSE,0.591951249212451
1976,8,2007.85081318536,1241.30190262115,0.618224170077595,0.0744452150436955,374.916020919214,13.1161418640506,FALSE,0.618224170077595
1976,9,1341.21265971469,865.221945139336,0.645104218836846,0.079700527418244,380.026197833096,13.9400135367271,FALSE,0.645104218836846
1976,10,635.763574957646,427.89224109597,0.673036735589131,0.0879417432991387,385.222531619421,15.0331695141643,FALSE,0.673036735589131
1977,1,4738.16180186397,581.660871864684,0.122760871449316,0.0381437013942429,228.145273054126,17.2726325920184,FALSE,0.122760871449316
1977,2,14741.3847799407,4372.12301190889,0.296588351581342,0.0406553419265513,298.839064140538,12.4622199425635,FALSE,0.296588351581342
1977,3,29710.3545068086,11231.0751375879,0.378018886816519,0.0433450584374628,321.401582602299,10.9319028735925,FALSE,0.378018886816519
1977,4,8830.52281617131,3844.1346988247,0.435323567907547,0.0454301242122845,334.731660634303,10.0124013813041,FALSE,0.435323567907547
1977,5,1637.20101377382,835.069917986168,0.510059492365751,0.0620915814888731,350.212257804794,12.2681267755842,FALSE,0.510059492365751
1977,6,912.658619518087,511.378494778286,0.560317389045544,0.0762852431739646,360.203064021638,14.5224149662627,FALSE,0.560317389045544
1977,7,615.557766219163,386.790449408099,0.628357679221265,0.058838498400554,373.388899982301,10.5125278243295,FALSE,0.628357679221265
1977,8,656.250679440555,430.058812980456,0.655327036532862,0.0810596776474638,378.001397984766,14.031515717824,FALSE,0.655327036532862
1977,9,402.425862298953,268.98479050788,0.668408309971036,0.108506638627648,380.815505186549,17.8177839618463,FALSE,0.668408309971036
1977,10,416.03733663794,303.721398437418,0.730033993804105,0.0971473856123692,391.196670370718,15.4109906179495,FALSE,0.730033993804105
1978,1,78.1405769376532,14.3415063938508,0.183534687813908,0.0240309293094218,255.336264026144,14.5373116896185,FALSE,0.183534687813908
1978,2,2800.56283210527,866.530943100391,0.309413141232397,0.0386263962112613,304.407265833925,12.1259484824937,FALSE,0.309413141232397
1978,3,12088.1503539922,4955.92561977518,0.409982129163246,0.052131523944186,332.272188522879,13.1989397163484,FALSE,0.409982129163246
1978,4,25956.1795716234,11771.5057517468,0.453514575181011,0.0383895278717587,343.088830732198,9.03676119869281,FALSE,0.453514575181011
1978,5,10683.1038249072,5209.04878042339,0.48759694427744,0.0452322818852966,350.665323441357,10.294423999645,FALSE,0.48759694427744
1978,6,2357.44876550667,1273.11802676468,0.540040591928222,0.0487895106856994,362.234362758904,10.3485375971322,FALSE,0.540040591928222
1978,7,1152.71009969966,683.352956697697,0.592822910873902,0.0552448238559823,372.799496537781,11.6194332739972,FALSE,0.592822910873902
1978,8,545.365861441694,344.984024327865,0.632573559730871,0.0587531085755845,381.252426376519,11.9111754465871,FALSE,0.632573559730871
1978,9,685.428752322249,472.764256186263,0.689735081267784,0.0845173297625683,392.046839905463,15.4118675358921,FALSE,0.689735081267784
1978,10,448.494811582012,307.425925755208,0.685461498809316,0.0819394977285607,391.818972788156,15.9854219694373,FALSE,0.685461498809316
1979,1,6741.70779486518,1105.76057294162,0.16401787300598,0.0252916882965247,252.635059931023,11.3842379150665,FALSE,0.16401787300598
1979,2,11350.4870948386,2792.76775233884,0.246048273435664,0.0438541031433415,285.333088526467,14.8442602988117,FALSE,0.246048273435664
1979,3,1891.77079731128,785.65322682994,0.415300430658177,0.0818861710592438,331.718787855462,21.0985315061831,FALSE,0.415300430658177
1979,4,7476.31109778652,3791.68712475779,0.507160158955983,0.0413132370943838,353.620592642711,9.24576728124419,FALSE,0.507160158955983
1979,5,18990.1176425791,10086.8146618153,0.531161251955539,0.0409525476646121,358.519783353605,8.51244466142062,FALSE,0.531161251955539
1979,6,11867.3664704089,6690.15126856188,0.563743547082977,0.0494739654357967,364.922612045978,9.72593488549817,FALSE,0.563743547082977
1979,7,4833.92775019035,2824.71757948901,0.584352461490096,0.0534707809552786,368.92011568082,9.97674627627571,FALSE,0.584352461490096
1979,8,1588.91574878957,1038.53487588932,0.65361229925531,0.0719813418262622,381.25662473333,13.2995034017165,FALSE,0.65361229925531
1979,9,1095.99513548099,740.850939052365,0.67596188620603,0.0842420437572068,385.051541006657,15.0615822369567,FALSE,0.67596188620603
1979,10,1042.80429350682,755.048316355854,0.724055626791407,0.0759129872266909,393.811907135964,12.6381047871125,FALSE,0.724055626791407
1980,1,54.7981992655484,11.0654548939593,0.201930994855084,0.00745631896335479,255.248797333991,2.74583475917313,FALSE,0.201930994855084
1980,2,5643.86344932493,2312.83765430908,0.409796883832425,0.0466964284010205,323.329881635019,12.7847738440138,FALSE,0.409796883832425
1980,3,6817.99511013446,3009.66711646517,0.441429931797915,0.0428368398952056,331.327235765906,11.3070607565183,FALSE,0.441429931797915
1980,4,2593.46362207864,1354.31409594871,0.522202850434908,0.0695395036164171,350.23579593137,15.4763533111307,FALSE,0.522202850434908
1980,5,5095.80509072455,3029.49085692212,0.594506815505255,0.0574989590436679,365.99297292988,12.1231194254633,FALSE,0.594506815505255
1980,6,10050.6260007772,6150.83113378464,0.611984878684075,0.0547349971518806,369.558948896639,11.1355055609207,FALSE,0.611984878684075
1980,7,5681.02801461749,3615.68910290306,0.636449792819144,0.0550926865047169,374.442778388422,10.8793977401391,FALSE,0.636449792819144
1980,8,1925.0684385725,1308.18861580585,0.679554341858055,0.0567902777210258,382.454600961349,10.9308030270559,FALSE,0.679554341858055
1980,9,1120.49587343741,804.266469729324,0.71777727057756,0.0727605908406266,389.495348617571,12.9337146445483,FALSE,0.71777727057756
1980,10,949.169958224338,699.606953010793,0.737072372496476,0.0662920321973652,392.464832194046,11.2154251707334,FALSE,0.737072372496476
1981,1,9476.71749080801,1730.43675174934,0.18259874829315,0.0240108324281053,255.466172572792,11.9227213756981,FALSE,0.18259874829315
1981,2,1758.22373311923,745.404297035571,0.423953040215857,0.0491521528464102,331.367878020007,11.6055031718937,FALSE,0.423953040215857
1981,3,7835.35409928465,4301.16431120599,0.548943194743258,0.0605286678866175,358.90612694148,12.2496106969754,FALSE,0.548943194743258
1981,4,3988.0703430783,2270.53135308467,0.569330818606397,0.0596595284517164,362.912210144285,12.2403811521384,FALSE,0.569330818606397
1981,5,2552.74039032539,1639.31753170637,0.642179493817392,0.0456181075934892,377.385310553933,8.36984586258489,FALSE,0.642179493817392
1981,6,4571.19486522799,3038.80692262054,0.66477299966712,0.0545703959514686,381.793420110708,9.571999571944,FALSE,0.66477299966712
1981,7,4982.61868447985,3396.17177096818,0.681603788294451,0.0616297590192386,384.628833557112,10.669806964853,FALSE,0.681603788294451
1981,8,2053.56027437806,1457.16040739475,0.709577617747821,0.0650177945834877,389.44626794599,10.9582854628179,FALSE,0.709577617747821
1981,9,664.355551660205,501.214130944109,0.754436580971725,0.0756940824113808,397.266229370443,12.2428915675335,FALSE,0.754436580971725
1981,10,344.237575590682,274.779759393034,0.798227093371593,0.0886736688392553,404.219607813954,13.8440043180764,FALSE,0.798227093371593
1982,1,13993.5759167061,1531.53495806006,0.109445574681998,0.0586421970238324,218.648203857447,35.1530914922957,FALSE,0.109445574681998
1982,2,4497.8095115215,1749.10991064617,0.38888038859042,0.0556793818025619,325.177155254338,13.7214311587324,FALSE,0.38888038859042
1982,3,1632.53946882768,922.373306615874,0.564992959881225,0.0794832352334522,362.479496347131,15.4563017584353,FALSE,0.564992959881225
1982,4,4177.06708094794,2673.29544757249,0.639993420207611,0.0674575338617355,376.224802133003,11.803882363025,FALSE,0.639993420207611
1982,5,597.810184026495,423.440157994606,0.708318742819942,0.0718893136427242,387.531730354272,11.3480781364732,FALSE,0.708318742819942
1982,6,2335.08980108479,1746.19623291897,0.747806886102521,0.084659656103718,393.608747517165,12.4701363576583,FALSE,0.747806886102521
1982,7,3065.01732213412,2265.79808187586,0.739244788443227,0.0685024858719437,392.440440657435,10.5179640004388,FALSE,0.739244788443227
1982,8,4116.00242075351,3108.13147092586,0.755133538127722,0.0773439711983697,394.798981665758,11.643530325259,FALSE,0.755133538127722
1982,9,1068.15636566182,808.837052742084,0.757227198885755,0.0672940307503378,395.236449211007,10.1034282071445,FALSE,0.757227198885755
1982,10,1345.86610606606,1154.31381525444,0.857673590301246,0.133471394311098,409.148756058312,17.7579206546984,FALSE,0.857673590301246
1983,1,78917.5901780045,10467.9380622555,0.13264391422298,0.0468478787976189,232.301649375104,22.5713804806321,FALSE,0.13264391422298
1983,2,17820.8300053579,5316.58810794203,0.298335605375483,0.0842700471878453,296.989117003135,28.5093789213851,FALSE,0.298335605375483
1983,3,7124.26792097808,2557.3494722772,0.358963124442141,0.0838223705361321,315.587819246781,20.933886536749,FALSE,0.358963124442141
1983,4,558.304357476889,267.465398362011,0.479067366715085,0.131843836035,343.513122049107,27.6722277416951,FALSE,0.479067366715085
1983,5,650.284795012067,411.535330852965,0.632853995679429,0.117260037452932,375.037123434371,23.5231237696298,FALSE,0.632853995679429
1983,6,73.9331071831833,50.2045581834168,0.679053810886447,0.0883960123477987,384.516987389815,17.0512805436869,FALSE,0.679053810886447
1983,7,59.9762438685745,46.0569499168072,0.767919878706167,0.0857168508146536,399.465113437549,14.4075000535375,FALSE,0.767919878706167
1983,8,197.5981802926,148.20100549767,0.75001199544559,0.0590634068222814,397.073064667807,9.663850569495,FALSE,0.75001199544559
1983,9,448.027001919307,341.431944589429,0.762078944185876,0.0711397540060749,398.73847004224,12.1218788104773,FALSE,0.762078944185876
1983,10,256.141805939769,199.356100725517,0.778303643148341,0.0898672031820464,401.16647788747,15.9246607116878,FALSE,0.778303643148341
1984,1,26.5213516006816,5.64777872785454,0.212952145610459,0.0184281675026959,269.692588336642,7.50462722413134,FALSE,0.212952145610459
1984,2,26083.5915821588,7853.93197257335,0.301106231779271,0.0445367248761908,299.831590908042,13.5050963717381,FALSE,0.301106231779271
1984,3,14365.6506870984,6229.8211260045,0.433660908349903,0.0601209729863196,335.602825307313,14.3090867539036,FALSE,0.433660908349903
1984,4,1189.44209536817,610.450986927046,0.513224636410814,0.104078436361251,353.337505370237,22.880426611413,FALSE,0.513224636410814
1984,5,279.485235810387,194.352524671603,0.695394603253601,0.0888886859440604,389.403780394586,15.5245435004356,FALSE,0.695394603253601
1984,6,629.455464487685,456.119143434587,0.724624964223361,0.0752835985816555,394.699035015978,12.6941562402613,FALSE,0.724624964223361
1984,7,135.808115373115,99.0545794035384,0.729371577916381,0.0599486686344013,396.598360573447,10.4402077202103,FALSE,0.729371577916381
1984,8,179.66479296107,147.044580182681,0.818438480679642,0.0962569191935579,411.647917326552,14.4213832418471,FALSE,0.818438480679642
1984,9,704.535375942493,554.681264102244,0.787300798572702,0.0814659758476982,405.487916189656,12.6773399175627,FALSE,0.787300798572702
1984,10,2529.12104561984,2081.47890058093,0.823004855455938,0.0998507057586826,410.667088508144,13.8249887706981,FALSE,0.823004855455938
1985,1,24873.5058082393,3551.58014562584,0.142785668132451,0.0299845090428801,242.472108310616,14.4651144725774,FALSE,0.142785668132451
1985,2,1028.30510916545,356.703280206831,0.346884671706362,0.0596932832476941,315.51274507123,18.5042936523376,FALSE,0.346884671706362
1985,3,52701.9734776598,19009.729890317,0.360702429831687,0.0474556227133775,319.590440256436,12.404118562066,FALSE,0.360702429831687
1985,4,10176.7955594386,4700.5140361512,0.461885473545906,0.0849342162204813,344.751391236049,20.11041991252,FALSE,0.461885473545906
1985,5,714.805058674959,416.858861282076,0.583178387202256,0.0885786535469957,371.0981041572,18.8681288148715,FALSE,0.583178387202256
1985,6,213.83296204939,144.60176266981,0.676237008943505,0.170810239948658,385.219322046633,34.9144622189172,FALSE,0.676237008943505
1985,7,904.458511697805,654.684211722244,0.72384106429968,0.0900130607606442,395.95481009979,15.3133342690622,FALSE,0.72384106429968
1985,8,171.427726315664,122.755589289039,0.716077800991184,0.075053938670855,393.219963406407,11.7265989713294,FALSE,0.716077800991184
1985,9,134.235798067482,105.938826694847,0.789199514734442,0.0968667437440962,407.068823553786,13.9170131911002,FALSE,0.789199514734442
1985,10,2123.78159019208,1842.52186520569,0.867566549081463,0.119784241076923,418.433008651903,16.1468351493476,FALSE,0.867566549081463
1986,1,2405.21427695746,378.834187195568,0.157505379385485,0.0191562111841866,252.426135897408,9.29672823943062,FALSE,0.157505379385485
1986,2,15673.7691141042,4511.37313655431,0.287829500595023,0.0319243735842361,302.077985991113,9.853834125105,FALSE,0.287829500595023
1986,3,5864.48491138802,2365.29945596806,0.40332603659274,0.0550389934364087,333.572326709765,13.6908194056908,FALSE,0.40332603659274
1986,4,45164.6722828392,18713.8753065496,0.414347638555991,0.0543692647828748,336.142308776156,12.8464924856873,FALSE,0.414347638555991
1986,5,7577.8004963189,3742.99694535512,0.493942397556305,0.0849473672407916,353.324189139679,17.8262502623052,FALSE,0.493942397556305
1986,6,535.04590224888,317.120235029919,0.592697250267713,0.0937067120986566,372.786860228004,16.8167273122659,FALSE,0.592697250267713
1986,7,217.15569898639,163.64711922663,0.753593481499588,0.0698442620282536,401.169344466172,10.0850783186342,FALSE,0.753593481499588
1986,8,245.341919915831,199.107506458069,0.81155110600902,0.0692328861093602,410.397537718005,10.9826641901272,FALSE,0.81155110600902
1986,9,76.3708724214671,63.3241067902534,0.829165685587397,0.0539476576134901,412.974459862441,7.49236122350464,FALSE,0.829165685587397
1986,10,751.472357501205,641.367849389314,0.853481625753992,0.0835273619260095,416.463452683297,11.9722600988157,FALSE,0.853481625753992
1987,1,1809.55137505669,384.35075517804,0.21240112907322,0.038476542097536,275.41086399673,14.6099101459991,FALSE,0.21240112907322
1987,2,5525.2249827393,1704.39010272094,0.308474335080548,0.0488018250794724,306.698519921543,13.7817524855656,FALSE,0.308474335080548
1987,3,8977.05868411752,3670.3851391057,0.408862776579533,0.0486354177920326,332.839901509354,11.4884503742937,FALSE,0.408862776579533
1987,4,2875.64014445457,1346.88894455299,0.468378822416411,0.0588795247894118,346.035790493809,12.5353557915573,FALSE,0.468378822416411
1987,5,35707.0822592869,17468.0415981234,0.489203835566269,0.0570100232853936,350.915054548935,11.8480997681079,FALSE,0.489203835566269
1987,6,4370.36694554624,2510.39209718074,0.57441220118577,0.0929461859765546,367.951041925225,17.5813793103234,FALSE,0.57441220118577
1987,7,167.872292202545,103.090147673833,0.614098647973726,0.128918291581786,374.184133932911,20.9090485865121,FALSE,0.614098647973726
1987,8,111.26747440586,84.5865991376576,0.760209572377987,0.106308540951714,401.754859622939,16.1760463038132,FALSE,0.760209572377987
1987,9,47.4688659561145,43.3102529060302,0.91239282914555,0.101532001843843,420.082161143433,12.4546784770405,FALSE,0.91239282914555
1987,10,272.224654187577,243.529341111035,0.894589587551576,0.0920087249473546,420.236620571115,9.6765859434482,FALSE,0.894589587551576
1988,1,25187.344281367,3212.52675562168,0.127545275108588,0.0194124282868862,234.262749133985,9.40082956745143,FALSE,0.127545275108588
1988,2,1981.06420306939,710.334456099091,0.358562057200632,0.0569179099708057,315.73468891646,16.7434999208222,FALSE,0.358562057200632
1988,3,1895.81040753336,823.36202237329,0.434306098912374,0.0565127458123282,335.517857717055,12.9397058810195,FALSE,0.434306098912374
1988,4,2715.57106542037,1318.96902214344,0.485705949271214,0.0512165951475842,348.286766350192,10.507427365532,FALSE,0.485705949271214
1988,5,2635.48841906541,1387.89102149983,0.526616247470364,0.0565803504123163,357.407684171095,11.0486469919944,FALSE,0.526616247470364
1988,6,26504.5692839498,14805.3233689534,0.558595131667316,0.067600513696683,362.580768826955,11.8818848615633,FALSE,0.558595131667316
1988,7,3466.35384782873,2181.3292647837,0.629286380024375,0.0889878443747123,376.700282183334,14.8315780583536,FALSE,0.629286380024375
1988,8,180.061288067686,128.64228869417,0.714436123803652,0.145310309236925,391.73762036033,21.1648814379823,FALSE,0.714436123803652
1988,9,95.5454416958775,81.882366121116,0.856999189786036,0.251625465177149,418.69249509232,33.9838130145238,FALSE,0.856999189786036
1988,10,416.782400058895,365.770645221929,0.877605784625845,0.0982871175197861,417.670427373706,10.5027191973762,FALSE,0.877605784625845
1989,1,7168.62168521494,1126.34204512592,0.157121144703307,0.0422532955626331,249.11440689474,18.5451241140897,FALSE,0.157121144703307
1989,2,12997.1098323624,4111.59310489397,0.316346723073481,0.0761840283511099,304.284510934129,20.2608541478087,FALSE,0.316346723073481
1989,3,1862.57286916867,867.770230701278,0.465898674390439,0.0840101250749688,341.57891473902,18.7717764989137,FALSE,0.465898674390439
1989,4,973.370195943032,524.964865576279,0.539327038946037,0.0754702492142108,357.338655536186,14.2312150749853,FALSE,0.539327038946037
1989,5,1068.51771991695,660.349923864461,0.618005589945468,0.083601516784729,370.85337076673,12.8261451604267,FALSE,0.618005589945468
1989,6,597.881762193707,381.625488490335,0.638295918393799,0.0955138455575144,375.742334789011,16.5779567703667,FALSE,0.638295918393799
1989,7,16554.9827983252,10981.4239038627,0.663330432754879,0.0922276978103225,379.573527601032,15.0753200765943,FALSE,0.663330432754879
1989,8,2135.62896140404,1663.09864259371,0.778739506089262,0.107975608908224,399.65283075113,16.2408860597314,FALSE,0.778739506089262
1989,9,336.378071366462,277.325047329845,0.8244444895093,0.0686966235633776,409.413369666654,9.81700349832836,FALSE,0.8244444895093
1989,10,570.406226696591,547.49536636115,0.959834133529491,0.127648000930483,429.893186946083,15.8656477886902,FALSE,0.959834133529491
1990,1,668.047893370455,181.035873394819,0.270992357271649,0.0501540581371203,293.103770148425,15.4798805555012,FALSE,0.270992357271649
1990,2,10133.961697054,2996.95884493749,0.295734179240952,0.0580672549186498,300.585769505098,16.1678385437983,FALSE,0.295734179240952
1990,3,9800.30228545101,3935.07398396888,0.401525776384538,0.0914761919399431,328.105205254442,21.5830466808774,FALSE,0.401525776384538
1990,4,1859.96512719431,1045.71724735991,0.562224114888288,0.10442152220177,364.635098293015,20.618644429696,FALSE,0.562224114888288
1990,5,1284.43528271879,787.783188284506,0.613330386422421,0.0954475694629806,375.605015995045,15.5061046285265,FALSE,0.613330386422421
1990,6,1147.33273604783,734.097686365574,0.639829809872146,0.0851205267456056,380.070445088417,13.993682401947,FALSE,0.639829809872146
1990,7,806.083102954809,545.844329296049,0.677156396524355,0.0624280091336934,388.718175583254,10.3103742697312,FALSE,0.677156396524355
1990,8,17782.1746599076,11882.5283501501,0.668226950719416,0.0936891115075507,385.885422611539,13.2077862333702,FALSE,0.668226950719416
1990,9,1080.91274823467,779.748073287626,0.721379292233439,0.113752025737451,396.698909895985,16.0260221738601,FALSE,0.721379292233439
1990,10,179.610857609717,158.159919208485,0.880569923852579,0.157227653879783,417.477723288028,19.2635965346402,FALSE,0.880569923852579
1991,1,2095.40827163124,481.267846120623,0.229677362944628,0.0481371012957136,280.826171951863,15.7909127886739,FALSE,0.229677362944628
1991,2,8039.99958700533,2625.54082382855,0.326559820733336,0.0409304209237998,312.778927742592,11.8600001817878,FALSE,0.326559820733336
1991,3,16440.766989328,6367.68011394111,0.38731040456169,0.0495838441751946,329.616926131008,12.3918178498761,FALSE,0.38731040456169
1991,4,8903.08557974722,4178.45126295328,0.469326193208615,0.0619508932903638,349.450900664382,13.476742011727,FALSE,0.469326193208615
1991,5,1165.40103880429,678.547815759356,0.582244045754027,0.0729117832088832,373.355952134692,12.0265636592778,FALSE,0.582244045754027
1991,6,1067.71146307781,663.830868856472,0.621732454705408,0.0666263314220945,381.258246545521,10.9324938371499,FALSE,0.621732454705408
1991,7,1285.76994069762,817.587386966529,0.635873775772773,0.0820566947040868,383.171322068096,12.608288454967,FALSE,0.635873775772773
1991,8,1009.04136039006,715.011559531687,0.708604808087634,0.0850726367354181,394.024621895994,12.0901162366712,FALSE,0.708604808087634
1991,9,12335.3909890948,8555.50393463959,0.693573794475029,0.105672240192621,392.821610434341,14.7202053518912,FALSE,0.693573794475029
1991,10,479.213027894185,427.55042886834,0.892192832793242,0.384746657924719,418.990155800862,46.4470655358533,FALSE,0.892192832793242
1992,1,4772.74786191466,776.552624758944,0.162705562335618,0.023946632385684,255.26422002155,11.4041948774165,FALSE,0.162705562335618
1992,2,9503.24547590297,2626.9336192099,0.276424893566194,0.0462019139939644,298.744647203974,15.4887155431197,FALSE,0.276424893566194
1992,3,5504.58348356244,2163.66125434456,0.39306539010728,0.0484012369017238,332.051970273641,12.389763640588,FALSE,0.39306539010728
1992,4,16736.378841996,7470.95614056713,0.446390238360314,0.0483897406728604,344.902320121982,10.7364026384509,FALSE,0.446390238360314
1992,5,9205.09232721418,4685.59936676365,0.509022527988233,0.0543015462585254,358.774683743294,11.1569324848383,FALSE,0.509022527988233
1992,6,1356.709024185,787.396048821812,0.580372087739899,0.0722276615605619,372.371050335743,13.6803294568404,FALSE,0.580372087739899
1992,7,552.315375541012,337.225644048246,0.610567184949219,0.0574437162578077,379.185375170562,10.8712851505221,FALSE,0.610567184949219
1992,8,978.257445989576,676.728490301623,0.691769322151251,0.0639275969849199,393.04938177845,10.0305793320478,FALSE,0.691769322151251
1992,9,655.346385586026,447.230540176736,0.682433824330643,0.0783515927438109,391.580094896935,12.6417875302561,FALSE,0.682433824330643
1992,10,9294.05910275566,6588.01336500695,0.70884134608673,0.0882691300682009,395.540339890267,13.686087889567,FALSE,0.70884134608673
1993,1,70.3833335538029,12.1995444794312,0.173330018108698,0.0195955315849391,258.7349045058,8.85711609670828,FALSE,0.173330018108698
1993,2,2088.26513469272,605.683061026489,0.290041264858648,0.0343688505139453,302.737324036556,10.8099239346517,FALSE,0.290041264858648
1993,3,6432.22884553181,2405.23348801084,0.373934688235113,0.0518820370470163,326.292607294789,12.979488060204,FALSE,0.373934688235113
1993,4,5499.0566388025,2515.85675782291,0.457506973117988,0.0488253076066233,346.694701618701,10.8256952719988,FALSE,0.457506973117988
1993,5,18945.7801867313,9160.93983374055,0.483534578330873,0.0498288608244055,352.491550976189,10.194099307826,FALSE,0.483534578330873
1993,6,9796.78074206783,5291.01197896272,0.540076594369707,0.0712845206904479,364.130770242899,13.0998064821336,FALSE,0.540076594369707
1993,7,1817.71129162157,1086.11756130496,0.597519290500771,0.0696502765390303,375.453651222912,12.4351085297859,FALSE,0.597519290500771
1993,8,714.220067932918,463.117923756379,0.64842468666097,0.083647486039526,384.344858867138,14.5969005121983,FALSE,0.64842468666097
1993,9,681.348613285221,469.98142441668,0.689781141772046,0.0988276500144617,392.265019467034,15.6853828504164,FALSE,0.689781141772046
1993,10,6795.98919820753,4837.8342794585,0.711866093126589,0.0868248959116618,395.348611668221,13.5234842167228,FALSE,0.711866093126589
1994,1,2311.25825906714,552.543010685145,0.239065889117973,0.0386562544516536,284.432238895664,14.2057445438294,FALSE,0.239065889117973
1994,2,1314.61084587442,454.121811322,0.345442008748937,0.0908284163230064,317.306888821392,21.2584101236397,FALSE,0.345442008748937
1994,3,9949.44788008787,3710.59270930392,0.372944584867874,0.0531814551218356,325.662047621617,13.0953368816748,FALSE,0.372944584867874
1994,4,9355.42642029823,4259.94045701598,0.455344338743694,0.0508716016697142,345.739118546196,10.9957537457241,FALSE,0.455344338743694
1994,5,2683.49175518848,1435.31075098372,0.534866838405064,0.0635702566417413,361.661306088562,11.5141261496772,FALSE,0.534866838405064
1994,6,11968.6771126904,6302.96244269799,0.526621478994945,0.0654056857055432,361.014295424555,11.7702035653479,FALSE,0.526621478994945
1994,7,3754.24658601287,2196.07314180483,0.584957085660462,0.0699503701004822,371.536434364599,11.9196536273009,FALSE,0.584957085660462
1994,8,550.437387295278,348.764491722111,0.633613376874451,0.100506274226125,381.535765873947,15.9984266892594,FALSE,0.633613376874451
1994,9,338.021405130709,234.509269744279,0.69377047188357,0.087438812226382,390.240514215212,13.1849557539707,FALSE,0.69377047188357
1994,10,1522.73736853595,1101.37259648302,0.723284670909436,0.0974197245871295,395.373887236772,13.6031148271756,FALSE,0.723284670909436
1995,1,3717.97822901077,753.568602988158,0.202682360296838,0.0391234173116084,267.877885769676,14.6378647656933,FALSE,0.202682360296838
1995,2,4451.21235939651,1522.02297168048,0.341934477349185,0.0615665055591293,310.935795966754,15.9885018110362,FALSE,0.341934477349185
1995,3,498.417954497536,224.864400224873,0.451156300040521,0.0620356225377192,337.572705337344,12.4889583349075,FALSE,0.451156300040521
1995,4,3903.93758989647,1903.06709816608,0.487473750372261,0.0628367845734903,345.499661251964,11.8884158296123,FALSE,0.487473750372261
1995,5,2925.67203477612,1542.24878618504,0.527143428194628,0.0723794633805137,353.942768769199,12.6417515317473,FALSE,0.527143428194628
1995,6,815.177310240128,491.634101921516,0.603100817142094,0.0772226812969384,369.001172853253,11.916244846847,FALSE,0.603100817142094
1995,7,3014.69530459146,1826.99288325646,0.606029034003503,0.080147383849816,369.945652002783,12.1214034037935,FALSE,0.606029034003503
1995,8,1054.89931911981,698.40300821519,0.662056554172323,0.0906393190984372,378.171568392093,13.0279315477875,FALSE,0.662056554172323
1995,9,131.055955365567,101.87073860519,0.777307206841781,0.124252141613267,392.907516795336,16.9723180207411,FALSE,0.777307206841781
1995,10,215.99400119643,172.927041649317,0.800610390526787,0.105861458935463,400.313641682339,12.3594882933665,FALSE,0.800610390526787
1996,1,2414.3540432401,479.763026765672,0.198712789497029,0.0588959159033986,266.361121457039,19.1460578594233,FALSE,0.198712789497029
1996,2,5568.26723765866,1806.53914779348,0.324434706649082,0.0656597579800829,307.133814654028,16.4591476777077,FALSE,0.324434706649082
1996,3,5468.41476106637,2411.17625692139,0.440927830509184,0.071381454907234,335.546692687814,15.0550982032157,FALSE,0.440927830509184
1996,4,699.830799915602,369.507392928411,0.527995328260735,0.0705035708999328,353.936250277099,12.6474402907333,FALSE,0.527995328260735
1996,5,4112.8042071481,2248.66697755859,0.546747879135696,0.073420989435633,359.887132345712,12.1448624110523,FALSE,0.546747879135696
1996,6,4420.17139913221,2618.32418779285,0.59235806745116,0.0818964860363114,367.525485793241,12.4551376442126,FALSE,0.59235806745116
1996,7,932.095024307894,590.000444630928,0.632983150048483,0.0832169755944163,376.550138035532,11.7384513016559,FALSE,0.632983150048483
1996,8,4014.24043838831,2656.66536962061,0.661810225470012,0.0946410765273527,380.322474652881,13.539158604277,FALSE,0.661810225470012
1996,9,824.945967618123,583.856317104597,0.707750980091912,0.0855813670635892,388.440176142657,9.64616521099303,FALSE,0.707750980091912
1996,10,260.894947309504,208.211077441598,0.798064813400137,0.122493323592891,400.068151153647,13.7607704314325,FALSE,0.798064813400137
1997,1,7472.11105090535,1650.18821654452,0.220846318436953,0.0370044137642393,273.693132337055,13.7751524594521,FALSE,0.220846318436953
1997,2,9732.90972131306,3513.46266585302,0.360987902534353,0.0580168971302871,313.388352095169,14.5805239979254,FALSE,0.360987902534353
1997,3,6935.52411008284,3186.82625743094,0.459493213036047,0.0605127504750901,336.961151599055,11.8371377750945,FALSE,0.459493213036047
1997,4,3090.45635396482,1663.42187205418,0.538244738489878,0.0780105086457335,353.896996736313,14.1823998070976,FALSE,0.538244738489878
1997,5,578.508749552087,344.55598427104,0.595593384780807,0.0673733270090674,367.181384600301,12.2659128501241,FALSE,0.595593384780807
1997,6,2717.60579583842,1613.95320338423,0.593887901569734,0.0904418343902965,369.35701423042,13.8154936004752,FALSE,0.593887901569734
1997,7,2038.49852169202,1326.877651877,0.650909302978373,0.0974267026022125,378.313572398364,13.3931147421699,FALSE,0.650909302978373
1997,8,443.745139778053,335.831534919891,0.75681174804047,0.116597697959029,390.390757608368,16.9831350782439,FALSE,0.75681174804047
1997,9,2599.50132256394,1849.25492221514,0.711388336741134,0.105804296280437,390.163290862611,11.7600521568903,FALSE,0.711388336741134
1997,10,361.062795322452,271.046812334289,0.750691613330659,0.129871912831819,393.442452431901,15.5061792236607,FALSE,0.750691613330659
1998,1,2146.65324090313,327.288939574377,0.152464745277948,0.0522747990333169,247.243448459525,23.6133810688633,FALSE,0.152464745277948
1998,2,21826.8617555495,5285.53621621877,0.242157405650627,0.0579875199215657,285.952984851228,17.8995268222983,FALSE,0.242157405650627
1998,3,9877.03952347785,3923.64679354408,0.397249275374217,0.0578132079800922,330.497667908898,13.2575807877857,FALSE,0.397249275374217
1998,4,8224.71029060913,4153.90890419259,0.505052306697716,0.0567946886650535,355.771202385586,11.3137977755174,FALSE,0.505052306697716
1998,5,3133.47860716191,1781.88560429197,0.568660529616918,0.064039733881547,367.838681780803,12.1173713043884,FALSE,0.568660529616918
1998,6,256.134317741173,158.72061285561,0.619677262521295,0.0822941299209483,378.247817551492,14.1299496019862,FALSE,0.619677262521295
1998,7,1527.04917636823,1003.11510875156,0.656897711138067,0.0743205940800708,384.38200566231,12.0102018993463,FALSE,0.656897711138067
1998,8,1209.61954314264,798.439817213668,0.660075163087469,0.0815166601190961,384.855181975015,14.011080898618,FALSE,0.660075163087469
1998,9,233.542678768888,165.7115887635,0.709555913450348,0.0627637810807748,393.810760756582,9.77204431789122,FALSE,0.709555913450348
1998,10,1000.24558609499,713.231209207065,0.713056092545787,0.0765131893692445,395.833150193289,12.2429849843073,FALSE,0.713056092545787
1999,1,2047.6209012892,389.010883106651,0.189981887204671,0.0506142751644996,263.153143621013,18.4370511017631,FALSE,0.189981887204671
1999,2,6989.87813462833,1931.78259621321,0.276368565947242,0.0653970491161421,293.734372014849,18.0816990065612,FALSE,0.276368565947242
1999,3,15313.1294486863,6236.1411127184,0.407241454701696,0.0722602747863755,328.740740189652,14.5767868601042,FALSE,0.407241454701696
1999,4,7447.22529365595,3555.0944414311,0.477371678880129,0.0675604633025215,346.869691042655,11.830098848725,FALSE,0.477371678880129
1999,5,3889.4707596798,2123.97142661048,0.546082374144225,0.0719827367488871,362.433858237859,11.9285764701939,FALSE,0.546082374144225
1999,6,1365.12023713972,821.036202706107,0.60143874537117,0.0828403058655162,373.292731892757,12.4529948073818,FALSE,0.60143874537117
1999,7,228.117182482993,151.920429657193,0.665975390383052,0.0810680413346711,384.631026221013,10.3759836621192,FALSE,0.665975390383052
1999,8,516.753285822867,343.586483714791,0.664894627941593,0.0864066606141332,385.631106554871,12.8984609938622,FALSE,0.664894627941593
1999,9,483.426485649058,341.699891599253,0.706829066554929,0.0953964319610591,390.379446824208,12.3065146904129,FALSE,0.706829066554929
1999,10,191.451502887223,136.139389478725,0.711090732773821,0.102808679373573,391.737652915612,13.5760062612196,FALSE,0.711090732773821
2000,1,34736.3043986042,6221.85249525486,0.179116708094741,0.0569243635741709,254.872143070973,23.5368397187003,FALSE,0.179116708094741
2000,2,5915.3368937697,1738.59724918512,0.293913479554527,0.0672309282996148,297.531631592765,20.7064744752333,FALSE,0.293913479554527
2000,3,4527.92261530793,1695.27492695017,0.374404571584067,0.0583237726193049,321.816196014901,13.6648708355152,FALSE,0.374404571584067
2000,4,7265.40936017957,3379.41715032141,0.465137885945341,0.0583646768698352,346.749062829243,11.8045662464001,FALSE,0.465137885945341
2000,5,2426.4941761598,1340.59941168491,0.55248408376836,0.0727124435886768,365.074183061923,12.3592063090226,FALSE,0.55248408376836
2000,6,1418.97452490238,857.820500102262,0.604535518466253,0.0721216693129979,375.465898024941,12.4456191407322,FALSE,0.604535518466253
2000,7,255.759432934081,167.012967337138,0.653008045181987,0.0700610502286309,385.334686421871,10.2306259753609,FALSE,0.653008045181987
2000,8,50.1902885630275,36.4830606016031,0.72689481662949,0.0441610038123541,398.896837642079,7.05246979695097,FALSE,0.72689481662949
2000,9,188.745270357178,134.693571528945,0.713626207819954,0.0922120515166245,394.706832132473,13.6055880730451,FALSE,0.713626207819954
2000,10,141.964439703002,99.8534998847954,0.703369802280734,0.0971622026426613,392.888757643436,15.9180878630983,FALSE,0.703369802280734
2001,1,4262.49710271724,632.695160286786,0.148432983070759,0.0413002418154434,244.508686461353,17.9045834637197,FALSE,0.148432983070759
2001,2,43147.6447893387,12587.2109867964,0.291724172854659,0.0515879973851751,295.55383655473,14.7815280639299,FALSE,0.291724172854659
2001,3,9267.00324748199,3912.56400927045,0.422203802543564,0.0702289935778796,327.720366270412,15.0284814782141,FALSE,0.422203802543564
2001,4,3448.82816405422,1672.49507826628,0.484945900088048,0.0706754136292535,343.308708420338,13.631696492653,FALSE,0.484945900088048
2001,5,4207.42714360976,2389.73445122209,0.567979995768107,0.0790280913861462,361.991646038566,12.1059019618205,FALSE,0.567979995768107
2001,6,1028.68451683874,655.593693591345,0.637312687087056,0.084553732997477,375.930191973139,10.8830933561606,FALSE,0.637312687087056
2001,7,771.813531223851,528.964679044359,0.685352948147448,0.0991591800115749,384.169404707482,13.6093669352489,FALSE,0.685352948147448
2001,8,141.896141679876,102.353861054347,0.721329416308317,0.136594892059397,385.234347967293,18.547877596682,FALSE,0.721329416308317
2001,9,40.8422678239019,34.2697285218618,0.839075064823074,0.148304076337757,403.834075827821,11.1591000858139,FALSE,0.839075064823074
2001,10,79.3515075005261,61.7633088903122,0.778350794279526,0.0711366999700318,396.521355114445,9.14964817941434,FALSE,0.778350794279526
2002,1,2775.2984603387,469.182417006742,0.169056562280326,0.0446391084729939,252.67316585713,16.832644511363,FALSE,0.169056562280326
2002,2,5474.5529859479,1512.69115128114,0.276313181215694,0.0470819966178375,292.811944610269,14.1349765433703,FALSE,0.276313181215694
2002,3,68135.4661231752,25841.801620204,0.379270930259539,0.0511306555684257,320.628999810023,12.0997986933748,FALSE,0.379270930259539
2002,4,5861.73871803469,2644.9143441161,0.451216690361606,0.0725572505147752,338.92259062417,16.4045818716171,FALSE,0.451216690361606
2002,5,1742.05493810102,900.689584970777,0.517027084089898,0.0745538416186497,353.079613748607,15.0301165253118,FALSE,0.517027084089898
2002,6,1534.37917116581,928.873518852946,0.605374171070894,0.0848764692419442,372.275196357302,14.0633864839593,FALSE,0.605374171070894
2002,7,289.539984272213,183.566647700271,0.63399412057607,0.0825377642570256,379.160346701561,14.5479958327369,FALSE,0.63399412057607
2002,8,136.267062661112,92.4570931151437,0.678499200830939,0.0887740182846926,389.350008958245,12.0315003872048,FALSE,0.678499200830939
2002,9,14.099731233283,9.70286218290009,0.688159371435116,0.082477180334833,392.296346376907,10.1883799375059,FALSE,0.688159371435116
2002,10,23.0126901346909,16.7025162284242,0.725795903506547,0.0869137958320924,398.497958592815,9.92222413733271,FALSE,0.725795903506547
2003,1,3295.37377699706,721.930014671307,0.219073787535316,0.0551786745742183,269.883007074328,18.1005939201293,FALSE,0.219073787535316
2003,2,6247.94338139544,1937.51131444268,0.310103852767301,0.0525498487663544,300.179429293142,13.2741193811012,FALSE,0.310103852767301
2003,3,6806.30312608935,2562.50646558162,0.37649020593268,0.0660956335254496,317.814589471085,14.4091822072322,FALSE,0.37649020593268
2003,4,71121.7565459833,33292.900186741,0.468111331941242,0.0690202903171991,338.565557424049,13.276371032313,FALSE,0.468111331941242
2003,5,6811.68591140722,3621.38061139435,0.531642336199,0.0726212765145742,350.951599032203,13.5435778429189,FALSE,0.531642336199
2003,6,869.259218220293,537.601109057749,0.618458910517422,0.0816886683037986,368.153387594048,11.7353556630179,FALSE,0.618458910517422
2003,7,719.35750782586,488.529851178825,0.679119694816735,0.123762368280633,377.534266878962,19.7763237423213,FALSE,0.679119694816735
2003,8,48.8434167408318,34.6326277369551,0.709054158121645,0.0934325458795744,387.683155729066,9.43609616468756,FALSE,0.709054158121645
2003,9,2.01916961903355,1.71144215097533,0.84759701950869,0.00101877727862562,400.000040585204,0.0417981805065162,FALSE,0.84759701950869
2003,10,0,0,NA,NA,NA,NA,TRUE,0.702217356917438
2004,1,43663.9414976473,8836.24714155578,0.202369434331344,0.0492426313403729,266.805100736108,20.1235735859216,FALSE,0.202369434331344
2004,2,28133.9714098246,8147.62336754814,0.289600897394205,0.0722820383180792,296.219078616097,21.5130577638557,FALSE,0.289600897394205
2004,3,6983.33474824381,2727.39334580046,0.390557440553219,0.0532437293738882,324.523999402955,12.5106077881785,FALSE,0.390557440553219
2004,4,5466.24281097416,2624.79703893996,0.480183030594682,0.0734845182438549,344.000696738294,13.7793309320257,FALSE,0.480183030594682
2004,5,53706.9640280121,29095.3943990195,0.541743420533771,0.0739217052408008,356.145384988863,12.60688222699,FALSE,0.541743420533771
2004,6,2124.22193321968,1249.9461140204,0.588425387419788,0.0863098141844685,365.735202282876,13.4806050657635,FALSE,0.588425387419788
2004,7,799.287142384172,524.205082625137,0.655840754627305,0.0818969778499538,375.72441211715,12.2633444674195,FALSE,0.655840754627305
2004,8,417.749435637593,323.50246863217,0.774393550378882,0.0863044068651861,393.505335766283,10.2872561387548,FALSE,0.774393550378882
2004,9,6.57336714881718,4.66654134513404,0.709916430877247,0.0762037160737031,394.654329013519,11.7921460254469,FALSE,0.709916430877247
2004,10,0,0,NA,NA,NA,NA,TRUE,0.678638810328329
2005,1,16707.0950045647,1847.84263499056,0.110602270142457,0.0508374757178287,226.889515800911,23.6886529994791,FALSE,0.110602270142457
2005,2,56466.8565600436,16208.0989233448,0.287037386366817,0.0724251028753226,296.065343923185,20.005205391188,FALSE,0.287037386366817
2005,3,31111.0711592872,11377.3128646107,0.365699811695954,0.0661352690453394,318.048855420855,16.7258937836948,FALSE,0.365699811695954
2005,4,5648.95646081313,2551.16222562686,0.451616549591824,0.0657115119414224,338.692120649311,13.8347255977775,FALSE,0.451616549591824
2005,5,4070.18971682758,2096.63855054462,0.515120595454405,0.072847827220137,351.580023701164,13.7692146797801,FALSE,0.515120595454405
2005,6,34328.1600185989,20454.3203953344,0.595846686343,0.0844697275195668,367.23795682835,14.9200929800683,FALSE,0.595846686343
2005,7,1557.02727113113,982.393555742579,0.630941778578419,0.0854419610726965,373.192044542186,14.4788327697568,FALSE,0.630941778578419
2005,8,292.507150130153,196.603045214964,0.672130732966643,0.0458290343458367,380.865202093427,6.10835023610045,FALSE,0.672130732966643
2005,9,107.768789647194,78.7447222462185,0.730682069493476,0.0444730848786438,389.261102868884,5.09056234442072,FALSE,0.730682069493476
2005,10,27.383120220087,17.9375939533729,0.65506026373922,0.0437846421825339,381.680967583559,7.15921866210864,FALSE,0.65506026373922
2006,1,44183.2676990679,9737.77732169672,0.220395136639071,0.0415524813361692,271.680009667306,15.1197790770649,FALSE,0.220395136639071
2006,2,15493.8699648468,4903.59235883555,0.316485963155818,0.072560699003478,300.88332685796,19.2328440056683,FALSE,0.316485963155818
2006,3,45381.2432302656,18903.2113258042,0.416542385802188,0.0602452172868355,326.426985703455,13.8538919753316,FALSE,0.416542385802188
2006,4,22905.6332724586,10829.512512608,0.472788173275664,0.0673622853886262,338.586323543446,13.8510557644947,FALSE,0.472788173275664
2006,5,3231.20587984258,1710.40047772003,0.529338129888325,0.0655909442306083,350.382940133653,12.3216227617777,FALSE,0.529338129888325
2006,6,1635.41002140412,894.626076659077,0.547034728264031,0.0713972517318438,355.640314510816,12.8277433138261,FALSE,0.547034728264031
2006,7,9885.66449992581,6339.47622357481,0.641279726175452,0.0883854523061849,371.651872733801,13.6309471512491,FALSE,0.641279726175452
2006,8,275.561135471106,195.147761811111,0.708183182209208,0.121501903954197,383.53268283931,14.3389247560131,FALSE,0.708183182209208
2006,9,20.3703504585258,12.9221803052471,0.634362198704277,0.0826977105119729,376.777188352413,15.1326675796828,FALSE,0.634362198704277
2006,10,8.16965205757221e-05,5.17517517517517e-05,0.633463351768874,NA,375,NA,FALSE,0.633463351768874
2007,1,1650.75089391783,342.83571178901,0.207684704610601,0.0632362779186384,264.405210356815,25.2272714128654,FALSE,0.207684704610601
2007,2,32563.7102671075,10379.0279931803,0.318729896195646,0.0544222999193237,300.768540416176,13.538736747933,FALSE,0.318729896195646
2007,3,21931.508871909,9526.91741428254,0.434394070646233,0.0803679246804974,327.545548291429,15.4799561377413,FALSE,0.434394070646233
2007,4,45003.9438155714,22596.8736625334,0.502108743072308,0.0838043064251129,341.217850813646,14.4553999058174,FALSE,0.502108743072308
2007,5,9442.71493131096,5544.26241745538,0.587147071343988,0.0870043503879862,356.558850498944,12.8986153381012,FALSE,0.587147071343988
2007,6,1411.27618973997,865.530996353076,0.61329667618962,0.109012627016549,359.996110526267,17.473173443929,FALSE,0.61329667618962
2007,7,903.131410591203,613.406889488363,0.679200039213361,0.116481061945851,370.7538260621,15.7313202549446,FALSE,0.679200039213361
2007,8,3946.23413346947,2819.14938991845,0.714389794059151,0.0946904572394135,377.231651926963,11.8381074278149,FALSE,0.714389794059151
2007,9,22.1184536508737,16.7515460312574,0.757356110678908,0.0471820687013292,385.022564840248,0.687119572731033,FALSE,0.757356110678908
2007,10,4.38596050105346,3.03356928775113,0.691654493245552,0.0114648338491235,390.193705878337,1.92746278086299,FALSE,0.691654493245552
2008,1,21746.8260645851,3585.6324531153,0.164880725236247,0.0571760314622675,248.754210557394,25.3570147460027,FALSE,0.164880725236247
2008,2,6790.7136715371,2050.33519153573,0.301932210767418,0.0640372773414429,300.045348982818,18.328069393028,FALSE,0.301932210767418
2008,3,29159.4516137658,12323.601860234,0.422628039219234,0.0633936591211293,331.624281159707,15.1575191395015,FALSE,0.422628039219234
2008,4,7530.95316890996,3802.00149064706,0.504849971228458,0.066993266214759,349.655894885618,13.1198249476752,FALSE,0.504849971228458
2008,5,11820.4758705932,6321.98098115058,0.534833034673189,0.0663861158546539,355.851432783796,12.2993676482155,FALSE,0.534833034673189
2008,6,1099.82874892264,674.627152809436,0.613392906368633,0.0754752178664457,370.604476527987,11.9354162537608,FALSE,0.613392906368633
2008,7,298.849478126022,204.085578672504,0.682904249832562,0.0758760446904401,381.854167205471,12.1704973092761,FALSE,0.682904249832562
2008,8,119.392988192456,68.6570422097879,0.575050874002047,0.129168800353815,363.279726609203,25.3247230185489,FALSE,0.575050874002047
2008,9,681.363831007247,480.823835569566,0.705678543075544,0.103265963407922,385.913918919271,15.5204566687532,FALSE,0.705678543075544
2008,10,1.94219322566774,1.45470772351006,0.749002573114173,0.035542489612694,401.144895064656,5.71826107950123,FALSE,0.749002573114173
2009,1,52772.1026229707,10790.8564668072,0.204480320670606,0.0412420032886731,267.729536654548,16.5164550555978,FALSE,0.204480320670606
2009,2,26531.9809656066,8430.74620458188,0.317757886812547,0.0595100875951369,303.686046157493,16.3993258398431,FALSE,0.317757886812547
2009,3,7332.02572938703,3065.32754552852,0.41807375733047,0.0580459606839033,328.858042062864,13.0260479245272,FALSE,0.41807375733047
2009,4,25179.6224469435,12323.5269969914,0.489424614009146,0.065090985581832,344.668016481286,12.7416694247575,FALSE,0.489424614009146
2009,5,4777.85120031291,2760.47604654068,0.577765177442089,0.0702984844027182,361.613068444535,11.3197414999034,FALSE,0.577765177442089
2009,6,6890.165322613,4068.43550966613,0.590469940730424,0.0630776668623807,364.840862555578,10.6467921127032,FALSE,0.590469940730424
2009,7,220.112389029333,145.237865041927,0.659835031014871,0.0699005995258109,375.056821431477,10.0153858751281,FALSE,0.659835031014871
2009,8,82.9209066796541,51.3181217527006,0.618880374173384,0.0249957248176638,372.387147900382,5.02424187469241,FALSE,0.618880374173384
2009,9,5.32621659785827,4.2212888222871,0.792549222272434,0.0868767561662629,403.128729738901,13.4297911701181,FALSE,0.792549222272434
2009,10,508.543676772943,408.175904794675,0.802636869629036,0.0840678897402795,394.396906519766,10.3281759990604,FALSE,0.802636869629036
2010,1,8887.68409270943,773.858634453038,0.0870708979280478,0.0604043804878464,203.413732371611,28.8866016515483,FALSE,0.0870708979280478
2010,2,35001.5837765178,12469.9912215263,0.356269342014525,0.0496864158933789,310.861109781242,14.4976097736754,FALSE,0.356269342014525
2010,3,28274.0608764034,12360.4346422425,0.437165170446317,0.0495814199767794,330.673701390674,11.0048315747665,FALSE,0.437165170446317
2010,4,6255.47340586941,3022.72392652046,0.483212657204215,0.0732123586312327,339.972029751303,15.3603179541688,FALSE,0.483212657204215
2010,5,12466.3573410521,7037.54615026213,0.564523056553762,0.0647295556916557,357.298099656794,11.5353322637253,FALSE,0.564523056553762
2010,6,1633.87771436357,1050.27953885675,0.642814042705672,0.0774475626161872,370.624462955623,12.8083911048189,FALSE,0.642814042705672
2010,7,2256.2871941412,1468.46610864766,0.650832975722577,0.0743485802142591,372.970848289291,11.5156966565388,FALSE,0.650832975722577
2010,8,79.7392769562664,48.8544593373085,0.612677480937069,0.0858642290406186,368.400736811587,14.5750654554614,FALSE,0.612677480937069
2010,9,4.06786608780715,3.3935588444596,0.834235633919047,0.000444230265825827,395.000017847541,0.0117987518851995,FALSE,0.834235633919047
2010,10,76.6675131110815,55.2523884532782,0.720675370977854,0.0569161157140309,382.55505888678,7.27955055996822,FALSE,0.720675370977854
2011,1,6504.06523655524,1175.47691949769,0.180729570929129,0.0369533583726313,259.564653818175,14.1503225663988,FALSE,0.180729570929129
2011,2,2554.56284387309,718.367940859781,0.281209735193137,0.0649549910935591,292.802606528353,19.0832572650065,FALSE,0.281209735193137
2011,3,12991.5543237236,5369.88112070209,0.413336309643585,0.0522507187392993,331.033921980022,13.4915733557751,FALSE,0.413336309643585
2011,4,5576.08703852267,2624.25956400744,0.47062743925581,0.0535896886081916,344.819983377958,12.3184495943098,FALSE,0.47062743925581
2011,5,341.569048093706,187.448839964277,0.5487875467945,0.0590257629242555,360.895523569332,12.8118827846814,FALSE,0.5487875467945
2011,6,1799.53942186928,1033.20196965257,0.574148005370909,0.0715758820190498,365.660589934523,13.1592968264378,FALSE,0.574148005370909
2011,7,143.46763686212,98.0146289528467,0.683182849432755,0.0504714111621667,385.721494710579,8.51050571453155,FALSE,0.683182849432755
2011,8,232.846575966257,147.559721985123,0.633720815402959,0.0768664780268539,376.639223299508,12.2273594864869,FALSE,0.633720815402959
2011,9,14.5493150296825,9.83214507995496,0.675780616468619,0.00734836322738276,385.103470563065,1.15823503537612,FALSE,0.675780616468619
2011,10,12.7555999818961,9.01706171186422,0.706910041445485,0.00777318129053493,390.167262794901,1.19312878979825,FALSE,0.706910041445485
2012,1,375.456736343915,78.0838382270212,0.207970268391981,0.0634673989081917,269.415411824567,21.9544348155597,FALSE,0.207970268391981
2012,2,12107.1116729159,4102.62328454225,0.338860613115512,0.073758526498344,311.237678935101,20.4506016135732,FALSE,0.338860613115512
2012,3,1987.16734380446,805.69907750364,0.405451045688542,0.0686244569622441,329.456156681764,17.6868140247275,FALSE,0.405451045688542
2012,4,2981.76441490633,1482.93447743556,0.497334554675791,0.0743209314338674,349.736319584847,15.0427276637668,FALSE,0.497334554675791
2012,5,263.993958669523,146.101129236656,0.553426032826569,0.0850601009363962,360.271249360926,16.0684734399221,FALSE,0.553426032826569
2012,6,16.30060523924,11.0699970454821,0.679115706626259,0.0161814774355421,388.685448570961,3.36372955888198,FALSE,0.679115706626259
2012,7,55.131980176302,42.779162360108,0.775940973339031,0.132461943795559,392.761368307836,15.9176151678785,FALSE,0.775940973339031
2012,8,2.51788558422198,1.65925154094938,0.658986075994425,0.0187708252249837,382.209258250197,3.19836366807298,FALSE,0.658986075994425
2012,9,1.4053812503801,0.907911677443786,0.646025181564244,0.000647416551789596,380,1.05838929709293e-13,FALSE,0.646025181564244
2012,10,0,0,NA,NA,NA,NA,TRUE,0.704126647076925
2013,1,813.898969269959,139.129240241435,0.17094165921629,0.0269566697773839,259.661826524691,11.1615094256956,FALSE,0.17094165921629
2013,2,5924.78749113917,1693.18571426268,0.285779990724551,0.0690878541039242,299.039781579535,20.1480104839756,FALSE,0.285779990724551
2013,3,12658.1536204529,5363.73743009703,0.423737741769097,0.0726138880143764,336.125498353167,17.5448885352137,FALSE,0.423737741769097
2013,4,584.805693711186,274.379941629791,0.469181378670531,0.0651846998694632,346.660132963158,14.3954499575314,FALSE,0.469181378670531
2013,5,1639.82159630269,894.842632335884,0.545695113635221,0.0826465558942579,362.888425353901,14.1749463561128,FALSE,0.545695113635221
2013,6,99.5303518418601,55.8249931648877,0.560884113557499,0.0752183232206191,366.802326220657,13.4559350153597,FALSE,0.560884113557499
2013,7,0.0531098324444178,0.0344676019281578,0.64898720899242,NA,385,NA,FALSE,0.64898720899242
2013,8,5.01931151869013,3.1139364263065,0.620391146218223,0.0414251385590997,376.349112584644,4.7956864515312,FALSE,0.620391146218223
2013,9,0,0,NA,NA,NA,NA,TRUE,0.661877104357435
2013,10,0,0,NA,NA,NA,NA,TRUE,0.701343252708365
2014,1,1270.70827045199,238.692460766097,0.187842061247618,0.0499209532276486,265.82890559969,19.0416459509291,FALSE,0.187842061247618
2014,2,3404.5820151664,1184.0251678213,0.347774018233904,0.0944978927548155,314.699502167657,23.2539588627733,FALSE,0.347774018233904
2014,3,6903.86296825565,2949.78153200362,0.427265365139326,0.090203314879344,333.720199968476,20.2895744821541,FALSE,0.427265365139326
2014,4,3986.59364560588,2031.91185213664,0.50968622156318,0.0855943584064429,351.41214752916,17.1086875819339,FALSE,0.50968622156318
2014,5,79.7850240258939,46.6500013764022,0.584696212678486,0.0999549561925045,366.241868064485,18.4305999995739,FALSE,0.584696212678486
2014,6,61.6821380407647,42.8109231245292,0.694057055808217,0.0991476223863283,385.401387859823,14.2897396106406,FALSE,0.694057055808217
2014,7,0.606924759521754,0.449480463986749,0.740586797514954,NA,403.140018546429,NA,FALSE,0.740586797514954
2014,8,0.720364436979769,0.483291536890708,0.670898661956408,NA,390.145255199328,NA,FALSE,0.670898661956408
2014,9,0,0,NA,NA,NA,NA,TRUE,0.677729027150627
2014,10,0,0,NA,NA,NA,NA,TRUE,0.698559858339804
2015,1,3690.62380707872,642.233949040354,0.174017722372172,0.033939275722706,262.530991820924,14.3832456629541,FALSE,0.174017722372172
2015,2,4010.19269554922,1129.14739128125,0.281569360129367,0.083041282635516,298.112577403038,27.4178422279154,FALSE,0.281569360129367
2015,3,1881.20888614055,771.380390391897,0.410045049263212,0.0963030900020275,331.00936966185,20.2098978281985,FALSE,0.410045049263212
2015,4,2021.44715581744,968.242269437039,0.478984704918244,0.0971259313186137,344.975956028087,19.6968398765029,FALSE,0.478984704918244
2015,5,924.611256879267,532.960966882499,0.576416264583821,0.0871375009598612,363.127349045033,14.2333861860594,FALSE,0.576416264583821
2015,6,122.548252919476,76.5256868443556,0.624453511341685,0.10065602993621,370.048332068094,15.3520828952284,FALSE,0.624453511341685
2015,7,13.2769536047284,7.83685588981905,0.59026009453163,0.0943725807023614,365.97187463757,14.8157357591052,FALSE,0.59026009453163
2015,8,3.1287798138258,1.52350942208407,0.486934048651112,7.77457465743321e-05,349.999997880417,0.0157867337345283,FALSE,0.486934048651112
2015,9,0,0,NA,NA,NA,NA,TRUE,0.693580949943818
2015,10,0,0,NA,NA,NA,NA,TRUE,0.695776463971244
2016,1,7752.73764852454,1136.11762809006,0.146544057028201,0.0379228049221112,250.850749059188,20.3109110219425,FALSE,0.146544057028201
2016,2,7412.15902701738,2047.39120222865,0.276220625429904,0.0751164686793477,299.253032212788,25.0239701735614,FALSE,0.276220625429904
2016,3,4885.48128457094,1989.03011816653,0.407130843883932,0.0844982344632955,334.855653168637,20.5392607776266,FALSE,0.407130843883932
2016,4,2643.31058665743,1279.82480843257,0.484174964112318,0.0826062004986087,351.964273171912,17.4321270033597,FALSE,0.484174964112318
2016,5,1874.29862472418,1002.04629864742,0.534624677961807,0.0739856990088535,362.18409607416,14.1287656350211,FALSE,0.534624677961807
2016,6,745.458769505086,420.012375157984,0.56342804235415,0.0745610794503365,367.567929623559,13.0838629596422,FALSE,0.56342804235415
2016,7,30.3535481646855,18.1239401587933,0.597094615115851,0.108280999682868,372.740833578103,18.8609747598425,FALSE,0.597094615115851
2016,8,0.483355716148094,0.36233003923382,0.749613642973464,NA,400,NA,FALSE,0.749613642973464
2016,9,0,0,NA,NA,NA,NA,TRUE,0.709432872737009
2016,10,0,0,NA,NA,NA,NA,TRUE,0.692993069602684
2017,1,9.28513406586448,2.10786458404124,0.227014986438431,0.0185786794908361,283.871102839307,7.71210723185851,FALSE,0.227014986438431
2017,2,17302.0006720383,3652.2694344989,0.211089428542291,0.052071030680153,275.773982045463,19.5556991671556,FALSE,0.211089428542291
2017,3,9838.27262036787,3285.20347941001,0.333920760907636,0.0624279098500604,315.534984900901,18.1329723917649,FALSE,0.333920760907636
2017,4,3091.44019267502,1305.84526091899,0.422406768215383,0.0770688112981819,338.110751053435,19.1205081495302,FALSE,0.422406768215383
2017,5,1420.49354774471,719.210394289001,0.506310215509867,0.0648337472004098,358.141038276,13.6456748118066,FALSE,0.506310215509867
2017,6,994.610815350786,528.988067918864,0.531854329104894,0.0678417277994377,363.837820447823,14.1284995324238,FALSE,0.531854329104894
2017,7,242.153867039992,138.152578808952,0.570515682849436,0.0904702270794775,370.828648690878,19.6313368094709,FALSE,0.570515682849436
2017,8,0,0,NA,NA,NA,NA,TRUE,0.694203953501642
2017,9,0,0,NA,NA,NA,NA,TRUE,0.725284795530201
2017,10,0,0,NA,NA,NA,NA,TRUE,0.690209675234124
2018,1,256.925298420879,31.7220491044991,0.123467985828838,0.0333185823199632,234.515602885641,18.8932429994781,FALSE,0.123467985828838
2018,2,758.207024702011,127.594652152466,0.168284713799127,0.0959254400809317,247.691628241672,48.0423570066624,FALSE,0.168284713799127
2018,3,23604.7561516329,7817.52632397747,0.331184371224131,0.0651006564225068,312.861496418084,18.168683411481,FALSE,0.331184371224131
2018,4,5410.92384293388,2189.94518436853,0.404726669222738,0.0704640801457497,331.300945811157,16.6939871823164,FALSE,0.404726669222738
2018,5,982.09476556572,511.256771810947,0.52057784007885,0.0682655923180506,356.999769337512,13.7072146387535,FALSE,0.52057784007885
2018,6,205.060033939136,109.678670401038,0.534861271083139,0.0750687756517768,360.524186334483,15.4889171102901,FALSE,0.534861271083139
2018,7,112.888603196169,71.7342013982444,0.635442368558589,0.0574062506166479,380.02829959926,10.3164838241409,FALSE,0.635442368558589
2018,8,10.7787170595794,6.88538263125971,0.638794264029821,0.0365062124501845,380.558218817743,6.4652072842636,FALSE,0.638794264029821
2018,9,0,0,NA,NA,NA,NA,TRUE,0.741136718323392
2018,10,0,0,NA,NA,NA,NA,TRUE,0.687426280865563
2019,1,35.9535451461736,4.5982280130098,0.12789359141957,0.0223925432333014,235.926395304019,13.0254184080587,FALSE,0.12789359141957
2019,2,4946.7967015527,1396.98417718362,0.282401776637623,0.0417869780683992,299.64130632899,14.0012704182184,FALSE,0.282401776637623
2019,3,7546.80549290603,2568.18224908709,0.340300575058039,0.0389376894379116,317.079223617517,10.8327935476956,FALSE,0.340300575058039
2019,4,9211.89802339981,3448.82572777664,0.37438817918045,0.0607528844880281,324.666341655073,15.3313455352761,FALSE,0.37438817918045
2019,5,1793.97617562564,902.630392679902,0.503145139240834,0.0704498796248867,353.060259513544,14.8807780644702,FALSE,0.503145139240834
2019,6,377.055332792908,217.141663328237,0.575888057914032,0.0683444995810806,367.855913348776,12.9067496688554,FALSE,0.575888057914032
2019,7,116.349528451031,71.7614783510634,0.616774982300562,0.0871536377856285,374.454030407464,15.9076311265521,FALSE,0.616774982300562
2019,8,47.8388022849606,30.1957854030221,0.63119860784046,0.0656124857974305,377.195295781438,11.2154296443661,FALSE,0.63119860784046
2019,9,5.68792181340503,4.30569220430685,0.756988641116584,0.0543595457057974,399.227405763759,8.32544087287836,FALSE,0.756988641116584
2019,10,0,0,NA,NA,NA,NA,TRUE,0.684642886497003
2020,1,173.106309967523,23.7515465029467,0.137207860923168,0.0338400868138474,236.783833252448,17.6163144994677,FALSE,0.137207860923168
2020,2,1947.46277150676,618.503703810131,0.317594622531137,0.0771702825611396,303.714835596326,23.5002768065493,FALSE,0.317594622531137
2020,3,7539.82345930667,2923.82118459594,0.387783772441908,0.0497388893496006,323.747892207816,12.8945877538309,FALSE,0.387783772441908
2020,4,3108.23070332715,1371.63508570275,0.441291273596423,0.0481081471497294,336.511318714653,11.0316865131097,FALSE,0.441291273596423
2020,5,5571.97345470797,2537.60901480774,0.455423744465908,0.0602870277049267,339.356386090427,13.3070488660647,FALSE,0.455423744465908
2020,6,526.757806128596,283.999026550273,0.539145359112042,0.0866468138763808,355.941218712102,17.0428196103877,FALSE,0.539145359112042
2020,7,77.1260933214697,47.7302348159579,0.618859749799764,0.0604196862630329,371.231594667892,9.55249271828486,FALSE,0.618859749799764
2020,8,6.22117716665436,3.92478957889841,0.630875712708418,0.0157885006230666,372.403240621709,2.75771731615403,FALSE,0.630875712708418
2020,9,3.70232164940344,2.86171988795518,0.772952800688264,1.29950747751114e-16,395,6.65347828485706e-14,FALSE,0.772952800688264
2020,10,0,0,NA,NA,NA,NA,TRUE,0.681859492128443
2021,1,404.749095529992,67.1382941270271,0.165876328986267,0.0462369324068711,254.178721263626,21.2312263152872,FALSE,0.165876328986267
2021,2,2576.92361131684,702.715698098305,0.272695587487441,0.0544426324759026,295.783615897995,17.6763691914001,FALSE,0.272695587487441
2021,3,2497.18463115225,951.93537176466,0.381203440021741,0.0578699238556209,325.715829961398,15.7232097637976,FALSE,0.381203440021741
2021,4,3673.04628745652,1637.42343109972,0.445794390528519,0.0643189069086029,338.857857884477,15.1470420463259,FALSE,0.445794390528519
2021,5,1026.52727985527,507.205525746455,0.494098438200266,0.060458995913103,351.945236349009,12.4510557122419,FALSE,0.494098438200266
2021,6,757.79800715972,390.454885925317,0.515249291019871,0.076335327242782,352.411600528454,15.6819877516998,FALSE,0.515249291019871
2021,7,145.132399728807,91.3255595026745,0.629256869405621,0.0881054681015813,374.210082211283,17.1424304543444,FALSE,0.629256869405621
2021,8,46.2013083434096,26.4769219968688,0.573077320669549,0.0991360606027739,361.513841461111,18.6714183508818,FALSE,0.573077320669549
2021,9,6.6371977606346,5.02840837716594,0.757610147913562,0.0435595239838419,393.478821358443,6.41716178894101,FALSE,0.757610147913562
2021,10,0,0,NA,NA,NA,NA,TRUE,0.679076097759883
2022,1,59.533464187205,7.33878797816477,0.123271643576589,0.0348807995713201,234.523983511143,18.9522123270786,FALSE,0.123271643576589
2022,2,88.9911664524455,17.1960660262252,0.19323340407516,0.0759869185700259,266.22735875553,28.5948440126344,FALSE,0.19323340407516
2022,3,29.5388428720809,10.6949866928662,0.362065187833566,0.0793826499171369,323.3903233499,21.9790277063936,FALSE,0.362065187833566
2022,4,10.6512012237707,4.75817019515613,0.446726157471999,0.0814951251757431,344.791391619351,18.9149061404835,FALSE,0.446726157471999
2022,5,14.085551282428,7.00710530556635,0.497467593924266,0.0900140714914609,356.114403809845,18.5071576318781,FALSE,0.497467593924266
2022,6,10.0291708970383,5.86860903520394,0.585153956937455,0.0514696267465476,374.615810242005,9.84283351160151,FALSE,0.585153956937455
2022,7,6.09469371810354,3.54682240506699,0.581952526101778,0.0701103205203862,373.819126536441,13.1371848996005,FALSE,0.581952526101778
2022,8,0.018280233833977,0.0125124757651584,0.684481165766153,NA,389.046744047494,NA,FALSE,0.684481165766153
2022,9,0.260216408364988,0.180249563079611,0.692690995975885,NA,393.851271879997,NA,FALSE,0.692690995975885
2022,10,0,0,NA,NA,NA,NA,TRUE,0.676292703391323
2023,1,25.4406896242802,3.06741599526358,0.120571259685354,0.0366104577138378,234.570495288221,19.1073422961194,FALSE,0.120571259685354
2023,2,47.3174836848956,9.06576615514745,0.191594426608137,0.0691219048147335,266.968115147633,25.4128406227192,FALSE,0.191594426608137
2023,3,46.5574346471953,13.3190216065804,0.286077222843349,0.0948680133715481,299.86659093171,27.1422562523046,FALSE,0.286077222843349
2023,4,15.1501661658129,6.30317159780491,0.416046367334791,0.105974706881448,335.117265000142,25.5677633854243,FALSE,0.416046367334791
2023,5,8.32213840345165,4.40665915973153,0.52951043903618,0.104720659023444,360.061906831747,21.5395780026754,FALSE,0.52951043903618
2023,6,6.61749363565485,3.88544356050054,0.587147305977885,0.0996309822324592,371.090300735048,18.0499396053193,FALSE,0.587147305977885
2023,7,1.86989692889169,1.1983444950884,0.640861256346721,0.13790443308834,380.312070226666,23.4482460117538,FALSE,0.640861256346721
2023,8,0.866754150204483,0.569708213021755,0.657289281957693,NA,382.064510345525,NA,FALSE,0.657289281957693
2023,9,0.451400705031115,0.298362960656637,0.660971410392615,NA,384.312403110576,NA,FALSE,0.660971410392615
2023,10,0.0483649861846869,0.0325742684261439,0.673509309022762,NA,383.000844490514,NA,FALSE,0.673509309022762
2024,1,336.380697411008,37.2222721099165,0.110655196318938,0.0290650289615602,227.747964273413,15.0614020191573,FALSE,0.110655196318938
2024,2,592.096553168283,125.618839138691,0.212159382564397,0.0521074191820012,272.853638825508,19.2105176746186,FALSE,0.212159382564397
2024,3,622.022991351467,161.120218197052,0.259026146038407,0.0642702736704692,289.295364288688,19.9823802611944,FALSE,0.259026146038407
2024,4,431.852755265789,138.572530542897,0.320879116442388,0.0888845516304569,307.768173248595,24.1634845021025,FALSE,0.320879116442388
2024,5,98.4095269516412,42.2046302054327,0.428867321211412,0.0839360129464469,337.013668560284,19.578594682477,FALSE,0.428867321211412
2024,6,44.6515071132521,21.0017560384319,0.470348200905381,0.0715619878082769,347.748920044937,15.2727477178096,FALSE,0.470348200905381
2024,7,8.97134140214111,5.50032175491769,0.61309914631105,0.0696768244455504,375.5605148894,11.5944627637326,FALSE,0.61309914631105
2024,8,0.27517501771069,0.130564882409371,0.474479418573683,NA,350,NA,FALSE,0.474479418573683
2024,9,1.2309598064258,0.821488079907683,0.667355729747947,0.142163841735339,387.702283481176,25.0648554741814,FALSE,0.667355729747947
2024,10,0,0,NA,NA,NA,NA,TRUE,0.763844042827814
2025,1,330.6288606928,45.9345882682076,0.138930969825067,0.0293383351949378,239.559571621635,14.6197269162807,FALSE,0.138930969825067
2025,2,418.572874320635,97.7017965158846,0.233416455078365,0.0527236820901719,277.362374398436,17.5742473390683,FALSE,0.233416455078365
2025,3,222.38749624729,71.1434374417125,0.319907542655197,0.0724949180961351,304.125241085192,18.3740139096701,FALSE,0.319907542655197
2025,4,200.608525036299,74.3263150209678,0.370504269484654,0.101814725913365,318.211165450656,23.7895787623819,FALSE,0.370504269484654
2025,5,164.895788539085,73.5713930384954,0.446169024026085,0.116004227029817,335.654135957933,23.510556958432,FALSE,0.446169024026085
2025,6,39.2258251962135,20.4187663729865,0.520543959772644,0.135441536553788,349.914847621891,24.4743367584294,FALSE,0.520543959772644
2025,7,16.8947528232372,9.20122117719507,0.544620052951568,0.118489845356237,360.192684657861,21.0431057572635,FALSE,0.544620052951568
2025,8,7.06743264532065,4.32347453211214,0.611746124665895,0.130435460904822,371.183479854804,16.5703199726568,FALSE,0.611746124665895
2025,9,2.30445651943296,1.52703368753064,0.662643740358522,0.12073130855203,377.093682298618,12.9363644050865,FALSE,0.662643740358522
2025,10,0.969899988740346,0.828467985838459,0.854178776632866,NA,400.494233919594,NA,FALSE,0.854178776632866
