"year","age","caan","caaw","waa","waa.sd","laa","laa.sd","zero","waa.interpol"
1968,1,NA,NA,NA,NA,NA,NA,NA,0.177079221779949
1968,2,NA,NA,NA,NA,NA,NA,NA,0.29405730235156
1968,3,NA,NA,NA,NA,NA,NA,NA,0.357661542360834
1968,4,NA,NA,NA,NA,NA,NA,NA,0.458128094876948
1968,5,NA,NA,NA,NA,NA,NA,NA,0.498747629456915
1968,6,NA,NA,NA,NA,NA,NA,NA,0.567788642864827
1968,7,NA,NA,NA,NA,NA,NA,NA,0.591951249212453
1968,8,NA,NA,NA,NA,NA,NA,NA,0.61822417007759
1968,9,NA,NA,NA,NA,NA,NA,NA,0.645104218836836
1968,10,NA,NA,NA,NA,NA,NA,NA,0.673036735589119
1969,1,NA,NA,NA,NA,NA,NA,NA,0.177079221779949
1969,2,NA,NA,NA,NA,NA,NA,NA,0.29405730235156
1969,3,NA,NA,NA,NA,NA,NA,NA,0.357661542360834
1969,4,NA,NA,NA,NA,NA,NA,NA,0.458128094876948
1969,5,NA,NA,NA,NA,NA,NA,NA,0.498747629456915
1969,6,NA,NA,NA,NA,NA,NA,NA,0.567788642864827
1969,7,NA,NA,NA,NA,NA,NA,NA,0.591951249212453
1969,8,NA,NA,NA,NA,NA,NA,NA,0.61822417007759
1969,9,NA,NA,NA,NA,NA,NA,NA,0.645104218836836
1969,10,NA,NA,NA,NA,NA,NA,NA,0.673036735589119
1970,1,NA,NA,NA,NA,NA,NA,NA,0.177079221779949
1970,2,NA,NA,NA,NA,NA,NA,NA,0.29405730235156
1970,3,NA,NA,NA,NA,NA,NA,NA,0.357661542360834
1970,4,NA,NA,NA,NA,NA,NA,NA,0.458128094876948
1970,5,NA,NA,NA,NA,NA,NA,NA,0.498747629456915
1970,6,NA,NA,NA,NA,NA,NA,NA,0.567788642864827
1970,7,NA,NA,NA,NA,NA,NA,NA,0.591951249212453
1970,8,NA,NA,NA,NA,NA,NA,NA,0.61822417007759
1970,9,NA,NA,NA,NA,NA,NA,NA,0.645104218836836
1970,10,NA,NA,NA,NA,NA,NA,NA,0.673036735589119
1971,1,NA,NA,NA,NA,NA,NA,NA,0.177079221779949
1971,2,NA,NA,NA,NA,NA,NA,NA,0.29405730235156
1971,3,NA,NA,NA,NA,NA,NA,NA,0.357661542360834
1971,4,NA,NA,NA,NA,NA,NA,NA,0.458128094876948
1971,5,NA,NA,NA,NA,NA,NA,NA,0.498747629456915
1971,6,NA,NA,NA,NA,NA,NA,NA,0.567788642864827
1971,7,NA,NA,NA,NA,NA,NA,NA,0.591951249212453
1971,8,NA,NA,NA,NA,NA,NA,NA,0.61822417007759
1971,9,NA,NA,NA,NA,NA,NA,NA,0.645104218836836
1971,10,NA,NA,NA,NA,NA,NA,NA,0.673036735589119
1972,1,NA,NA,NA,NA,NA,NA,NA,0.177079221779949
1972,2,NA,NA,NA,NA,NA,NA,NA,0.29405730235156
1972,3,NA,NA,NA,NA,NA,NA,NA,0.357661542360834
1972,4,NA,NA,NA,NA,NA,NA,NA,0.458128094876948
1972,5,NA,NA,NA,NA,NA,NA,NA,0.498747629456915
1972,6,NA,NA,NA,NA,NA,NA,NA,0.567788642864827
1972,7,NA,NA,NA,NA,NA,NA,NA,0.591951249212453
1972,8,NA,NA,NA,NA,NA,NA,NA,0.61822417007759
1972,9,NA,NA,NA,NA,NA,NA,NA,0.645104218836836
1972,10,NA,NA,NA,NA,NA,NA,NA,0.673036735589119
1973,1,NA,NA,NA,NA,NA,NA,NA,0.177079221779949
1973,2,NA,NA,NA,NA,NA,NA,NA,0.29405730235156
1973,3,NA,NA,NA,NA,NA,NA,NA,0.357661542360834
1973,4,NA,NA,NA,NA,NA,NA,NA,0.458128094876948
1973,5,NA,NA,NA,NA,NA,NA,NA,0.498747629456915
1973,6,NA,NA,NA,NA,NA,NA,NA,0.567788642864827
1973,7,NA,NA,NA,NA,NA,NA,NA,0.591951249212453
1973,8,NA,NA,NA,NA,NA,NA,NA,0.61822417007759
1973,9,NA,NA,NA,NA,NA,NA,NA,0.645104218836836
1973,10,NA,NA,NA,NA,NA,NA,NA,0.673036735589119
1974,1,NA,NA,NA,NA,NA,NA,NA,0.177079221779949
1974,2,NA,NA,NA,NA,NA,NA,NA,0.29405730235156
1974,3,NA,NA,NA,NA,NA,NA,NA,0.357661542360834
1974,4,NA,NA,NA,NA,NA,NA,NA,0.458128094876948
1974,5,NA,NA,NA,NA,NA,NA,NA,0.498747629456915
1974,6,NA,NA,NA,NA,NA,NA,NA,0.567788642864827
1974,7,NA,NA,NA,NA,NA,NA,NA,0.591951249212453
1974,8,NA,NA,NA,NA,NA,NA,NA,0.61822417007759
1974,9,NA,NA,NA,NA,NA,NA,NA,0.645104218836836
1974,10,NA,NA,NA,NA,NA,NA,NA,0.673036735589119
1975,1,NA,NA,NA,NA,NA,NA,NA,0.177079221779949
1975,2,NA,NA,NA,NA,NA,NA,NA,0.29405730235156
1975,3,NA,NA,NA,NA,NA,NA,NA,0.357661542360834
1975,4,NA,NA,NA,NA,NA,NA,NA,0.458128094876948
1975,5,NA,NA,NA,NA,NA,NA,NA,0.498747629456915
1975,6,NA,NA,NA,NA,NA,NA,NA,0.567788642864827
1975,7,NA,NA,NA,NA,NA,NA,NA,0.591951249212453
1975,8,NA,NA,NA,NA,NA,NA,NA,0.61822417007759
1975,9,NA,NA,NA,NA,NA,NA,NA,0.645104218836836
1975,10,NA,NA,NA,NA,NA,NA,NA,0.673036735589119
1976,1,5079.50129203717,899.474135824187,0.177079221779949,0.0426009440169117,258.416089501,18.1327354979543,FALSE,0.177079221779949
1976,2,37834.5150727909,11125.5154380843,0.29405730235156,0.0417381556148143,300.853434322621,14.3503552542699,FALSE,0.29405730235156
1976,3,28806.2502897383,10302.88790826,0.357661542360834,0.0449133295086085,317.096175185263,12.3281744965016,FALSE,0.357661542360834
1976,4,6418.63258633859,2940.5559184944,0.458128094876948,0.0558497385350039,341.373559396455,12.8717495971915,FALSE,0.458128094876948
1976,5,4401.10662100828,2195.04149421501,0.498747629456915,0.0623473467132205,350.564261859219,13.6926556107589,FALSE,0.498747629456915
1976,6,2358.57916073693,1339.17446076409,0.567788642864827,0.0742609415646241,365.19855156245,14.667513875343,FALSE,0.567788642864827
1976,7,2919.03880630618,1727.92866789257,0.591951249212453,0.0671679088479601,370.233641940161,12.4040264255225,FALSE,0.591951249212453
1976,8,2007.85081318538,1241.30190262115,0.61822417007759,0.0744452150437028,374.916020919214,13.1161418640505,FALSE,0.61822417007759
1976,9,1341.21265971471,865.221945139336,0.645104218836836,0.079700527418238,380.026197833096,13.940013536727,FALSE,0.645104218836836
1976,10,635.763574957657,427.89224109597,0.673036735589119,0.0879417432991171,385.222531619422,15.0331695141643,FALSE,0.673036735589119
1977,1,4738.1618017884,581.660871864684,0.122760871451274,0.0381437013947722,228.145273054132,17.2726325920263,FALSE,0.122760871451274
1977,2,14741.384779762,4372.12301190889,0.296588351584936,0.0406553419270066,298.839064140528,12.4622199425664,FALSE,0.296588351584936
1977,3,29710.3545065004,11231.0751375879,0.378018886820441,0.0433450584373062,321.401582602301,10.9319028735955,FALSE,0.378018886820441
1977,4,8830.52281610241,3844.1346988247,0.435323567910944,0.0454301242115002,334.731660634312,10.0124013813083,FALSE,0.435323567910944
1977,5,1637.20101376576,835.069917986168,0.510059492368261,0.0620915814878227,350.212257804816,12.2681267755765,FALSE,0.510059492368261
1977,6,912.658619513983,511.378494778286,0.560317389048064,0.0762852431729863,360.203064021659,14.5224149662657,FALSE,0.560317389048064
1977,7,615.557766216681,386.790449408099,0.628357679223798,0.058838498399992,373.388899982301,10.5125278243361,FALSE,0.628357679223798
1977,8,656.250679437896,430.058812980456,0.655327036535517,0.0810596776466654,378.001397984778,14.0315157178244,FALSE,0.655327036535517
1977,9,402.425862296326,268.98479050788,0.668408309975399,0.108506638626668,380.815505186585,17.8177839618368,FALSE,0.668408309975399
1977,10,416.037336635713,303.721398437418,0.730033993808013,0.0971473856116671,391.19667037073,15.410990617953,FALSE,0.730033993808013
1978,1,78.1405769376068,14.3415063938508,0.183534687814017,0.0240309293094483,255.336264026141,14.5373116896208,FALSE,0.183534687814017
1978,2,2800.56283210368,866.530943100391,0.309413141232573,0.0386263962112666,304.407265833925,12.1259484824937,FALSE,0.309413141232573
1978,3,12088.1503539869,4955.92561977518,0.409982129163427,0.0521315239441747,332.272188522879,13.1989397163483,FALSE,0.409982129163427
1978,4,25956.1795716136,11771.5057517468,0.453514575181183,0.0383895278717429,343.088830732198,9.0367611986928,FALSE,0.453514575181183
1978,5,10683.1038249038,5209.04878042339,0.487596944277597,0.0452322818852791,350.665323441357,10.2944239996449,FALSE,0.487596944277597
1978,6,2357.44876550607,1273.11802676468,0.540040591928359,0.0487895106856635,362.234362758904,10.3485375971324,FALSE,0.540040591928359
1978,7,1152.71009969951,683.352956697697,0.592822910873981,0.0552448238559539,372.799496537782,11.6194332739975,FALSE,0.592822910873981
1978,8,545.365861441628,344.984024327865,0.632573559730948,0.0587531085755516,381.252426376519,11.911175446587,FALSE,0.632573559730948
1978,9,685.428752322164,472.764256186263,0.68973508126787,0.0845173297625261,392.046839905464,15.4118675358918,FALSE,0.68973508126787
1978,10,448.494811581969,307.425925755208,0.685461498809381,0.0819394977285044,391.818972788157,15.985421969437,FALSE,0.685461498809381
1979,1,6741.70779487612,1105.76057294162,0.164017873005714,0.0252916882965302,252.635059931021,11.3842379150663,FALSE,0.164017873005714
1979,2,11350.4870948511,2792.76775233884,0.246048273435395,0.0438541031433604,285.333088526464,14.8442602988112,FALSE,0.246048273435395
1979,3,1891.77079731186,785.65322682994,0.41530043065805,0.0818861710593412,331.718787855455,21.0985315061872,FALSE,0.41530043065805
1979,4,7476.31109778667,3791.68712475779,0.507160158955973,0.0413132370944348,353.62059264271,9.24576728124488,FALSE,0.507160158955973
1979,5,18990.1176425786,10086.8146618153,0.531161251955555,0.0409525476646599,358.519783353605,8.51244466142083,FALSE,0.531161251955555
1979,6,11867.3664704078,6690.15126856188,0.563743547083027,0.0494739654358519,364.922612045977,9.72593488549838,FALSE,0.563743547083027
1979,7,4833.9277501898,2824.71757948901,0.584352461490162,0.053470780955327,368.920115680819,9.97674627627573,FALSE,0.584352461490162
1979,8,1588.9157487893,1038.53487588932,0.653612299255421,0.0719813418263183,381.256624733329,13.299503401717,FALSE,0.653612299255421
1979,9,1095.99513548084,740.850939052365,0.675961886206122,0.0842420437572418,385.051541006657,15.0615822369568,FALSE,0.675961886206122
1979,10,1042.80429350649,755.048316355854,0.724055626791639,0.075912987226752,393.811907135963,12.6381047871128,FALSE,0.724055626791639
1980,1,54.7981992655472,11.0654548939593,0.201930994855088,0.00745631896335851,255.248797333991,2.74583475917292,FALSE,0.201930994855088
1980,2,5643.8634505241,2312.83765430908,0.409796883745354,0.0466964283768828,323.329881636291,12.7847738446309,FALSE,0.409796883745354
1980,3,6817.9951114171,3009.66711646517,0.44142993171487,0.0428368398843339,331.327235766802,11.3070607561256,FALSE,0.44142993171487
1980,4,2593.46362223297,1354.31409594871,0.522202850403834,0.0695395036891679,350.235795929764,15.4763533095705,FALSE,0.522202850403834
1980,5,5095.80509047977,3029.49085692212,0.594506815533813,0.0574989591141555,365.992972928612,12.1231194255816,FALSE,0.594506815533813
1980,6,10050.6259995498,6150.83113378464,0.611984878758809,0.0547349972745261,369.558948894746,11.1355055608248,FALSE,0.611984878758809
1980,7,5681.02801319761,3615.68910290306,0.636449792978214,0.0550926866808454,374.442778386068,10.8793977398329,FALSE,0.636449792978214
1980,8,1925.06843782692,1308.18861580585,0.679554342121248,0.0567902779357405,382.454600958836,10.9308030279742,FALSE,0.679554342121248
1980,9,1120.49587275471,804.266469729324,0.71777727101489,0.07276059111883,389.495348614521,12.9337146463786,FALSE,0.71777727101489
1980,10,949.169957219897,699.606953010793,0.737072373276468,0.0662920326448417,392.464832189766,11.2154251739406,FALSE,0.737072373276468
1981,1,9476.71749080706,1730.43675174934,0.182598748293168,0.0240108324280878,255.466172572794,11.9227213756935,FALSE,0.182598748293168
1981,2,1758.22373311994,745.404297035571,0.423953040215687,0.0491521528462342,331.367878020012,11.6055031718974,FALSE,0.423953040215687
1981,3,7835.3540992905,4301.16431120599,0.548943194742848,0.0605286678866729,358.906126941479,12.2496106969748,FALSE,0.548943194742848
1981,4,3988.07034308094,2270.53135308467,0.569330818606021,0.0596595284516514,362.912210144287,12.2403811521382,FALSE,0.569330818606021
1981,5,2552.74039032918,1639.31753170637,0.642179493816437,0.0456181075934428,377.385310553934,8.36984586258703,FALSE,0.642179493816437
1981,6,4571.1948652378,3038.80692262054,0.664772999665693,0.0545703959514514,381.793420110708,9.57199957194477,FALSE,0.664772999665693
1981,7,4982.61868449023,3396.17177096818,0.681603788293031,0.061629759019142,384.628833557113,10.6698069648532,FALSE,0.681603788293031
1981,8,2053.56027438251,1457.16040739475,0.709577617746285,0.0650177945833543,389.446267945991,10.9582854628195,FALSE,0.709577617746285
1981,9,664.355551662128,501.214130944109,0.754436580969541,0.0756940824113217,397.266229370442,12.2428915675319,FALSE,0.754436580969541
1981,10,344.23757559173,274.779759393034,0.798227093369164,0.0886736688388624,404.219607813957,13.8440043180752,FALSE,0.798227093369164
1982,1,13993.5759166824,1531.53495806006,0.109445574682183,0.058642197024144,218.648203857377,35.1530914922956,FALSE,0.109445574682183
1982,2,4497.80951151424,1749.10991064617,0.388880388591048,0.0556793818025303,325.177155254342,13.7214311587313,FALSE,0.388880388591048
1982,3,1632.53946882664,922.373306615874,0.564992959881586,0.079483235233405,362.479496347134,15.4563017584331,FALSE,0.564992959881586
1982,4,4177.06708094591,2673.29544757249,0.639993420207921,0.0674575338618062,376.224802133002,11.8038823630226,FALSE,0.639993420207921
1982,5,597.810184026238,423.440157994606,0.708318742820247,0.0718893136428464,387.531730354271,11.3480781364723,FALSE,0.708318742820247
1982,6,2335.08980108384,1746.19623291897,0.747806886102825,0.0846596561037379,393.608747517165,12.4701363576588,FALSE,0.747806886102825
1982,7,3065.01732213282,2265.79808187586,0.739244788443541,0.0685024858720413,392.440440657434,10.5179640004383,FALSE,0.739244788443541
1982,8,4116.00242075163,3108.13147092586,0.755133538128066,0.0773439711985263,394.798981665756,11.6435303252578,FALSE,0.755133538128066
1982,9,1068.15636566125,808.837052742084,0.757227198886156,0.067294030750502,395.236449211006,10.1034282071438,FALSE,0.757227198886156
1982,10,1345.86610606547,1154.31381525444,0.857673590301625,0.133471394311126,409.148756058312,17.7579206546993,FALSE,0.857673590301625
1983,1,78917.5901922406,10467.9380622555,0.132643914199052,0.0468478787972863,232.301649373959,22.5713804801741,FALSE,0.132643914199052
1983,2,17820.8300061789,5316.58810794203,0.298335605361739,0.0842700471983674,296.989117001572,28.509378922155,FALSE,0.298335605361739
1983,3,7124.26792101314,2557.3494722772,0.358963124440374,0.0838223705468256,315.587819246234,20.9338865364246,FALSE,0.358963124440374
1983,4,558.304357459189,267.465398362011,0.479067366730272,0.131843836061025,343.513122047939,27.6722277413907,FALSE,0.479067366730272
1983,5,650.284794962737,411.535330852965,0.632853995727436,0.117260037479092,375.037123433638,23.523123770221,FALSE,0.632853995727436
1983,6,73.9331071774114,50.2045581834168,0.679053810939461,0.0883960123675234,384.516987389486,17.0512805440593,FALSE,0.679053810939461
1983,7,59.976243862756,46.0569499168072,0.767919878780666,0.085716850819765,399.465113437612,14.4075000538229,FALSE,0.767919878780666
1983,8,197.598180274823,148.20100549767,0.750011995513064,0.0590634068342773,397.073064667775,9.66385056951692,FALSE,0.750011995513064
1983,9,448.027001876725,341.431944589429,0.762078944258307,0.0711397540108511,398.738470042307,12.1218788106283,FALSE,0.762078944258307
1983,10,256.141805915456,199.356100725517,0.778303643222217,0.0898672031942481,401.166477887417,15.9246607121106,FALSE,0.778303643222217
1984,1,41.9175610816627,9.22369734409351,0.220043750306086,0.0207830456159269,272.362256302757,8.15281968740435,FALSE,0.220043750306086
1984,2,26081.0894289579,7855.5824198566,0.301198400521357,0.0445538846552621,299.859481558834,13.5067889655879,FALSE,0.301198400521357
1984,3,14354.1283196916,6225.20597193194,0.433687496257919,0.0601426539705193,335.609257129741,14.3148667024073,FALSE,0.433687496257919
1984,4,1189.92960657477,611.11421708163,0.513571738786071,0.104361476606138,353.402998442368,22.9230438674473,FALSE,0.513571738786071
1984,5,278.762476733151,193.721631862322,0.694934390498203,0.0888950844718492,389.332195831463,15.5340844995896,FALSE,0.694934390498203
1984,6,628.068834963025,455.297543061768,0.724916629701221,0.0754467089052078,394.751874237931,12.7048476944193,FALSE,0.724916629701221
1984,7,136.132562842321,99.4128930267783,0.730265345418682,0.0610315503094383,396.727867282638,10.5361178003736,FALSE,0.730265345418682
1984,8,180.005096259106,147.30297309065,0.818326681588043,0.0962021686280787,411.622135487219,14.4203049495362,FALSE,0.818326681588043
1984,9,707.548935882937,557.336450902133,0.787700217804219,0.0814989594326106,405.535632095255,12.6600191412494,FALSE,0.787700217804219
1984,10,2525.68179416958,2078.38512095177,0.82290062261589,0.0998645000424149,410.655554310851,13.8303324852572,FALSE,0.82290062261589
1985,1,24874.2153654474,3551.86027098911,0.142792856731592,0.0300124837159102,242.474606263236,14.471984521425,FALSE,0.142792856731592
1985,2,1025.94314328749,354.965760423261,0.345989700058643,0.0600072597004926,315.241873713512,18.7662599762346,FALSE,0.345989700058643
1985,3,52656.320020108,18983.9032001838,0.360524685221723,0.0469809902023273,319.553043664262,12.3135415801536,FALSE,0.360524685221723
1985,4,10198.5298900974,4711.52564771877,0.461980863760922,0.0848332419175265,344.770479403161,20.0914940338309,FALSE,0.461980863760922
1985,5,718.836895171704,419.109498770108,0.58303837989562,0.0885098379951709,371.053297648069,18.8553947820068,FALSE,0.58303837989562
1985,6,231.652748863698,163.702757810997,0.70667306394589,0.197689087281805,389.457694618266,36.8133653291078,FALSE,0.70667306394589
1985,7,885.098294187066,638.209156776706,0.721060204237406,0.0905628656254848,395.586393783995,15.5168269345836,FALSE,0.721060204237406
1985,8,197.385238357168,141.565935180841,0.717206293434558,0.0739189308126505,393.123731861229,11.577128675323,FALSE,0.717206293434558
1985,9,134.235798067532,105.938826694847,0.789199514734143,0.0968667437431734,407.068823553794,13.9170131910994,FALSE,0.789199514734143
1985,10,2120.97656210786,1835.16504965474,0.865245322574863,0.118179147477699,418.130233912206,16.053964031433,FALSE,0.865245322574863
1986,1,2405.21427695608,378.834187195568,0.157505379385575,0.0191562111841952,252.426135897409,9.2967282394306,FALSE,0.157505379385575
1986,2,15673.7691141012,4511.37313655431,0.287829500595078,0.0319243735841728,302.077985991114,9.85383412510489,FALSE,0.287829500595078
1986,3,5864.48491139529,2365.29945596806,0.40332603659224,0.0550389934358598,333.572326709776,13.6908194056977,FALSE,0.40332603659224
1986,4,45164.6722829905,18713.8753065496,0.414347638554602,0.0543692647821491,336.142308776162,12.8464924857051,FALSE,0.414347638554602
1986,5,7577.80049636292,3742.99694535512,0.493942397553435,0.0849473672392496,353.324189139699,17.8262502623308,FALSE,0.493942397553435
1986,6,535.045902253074,317.120235029919,0.592697250263068,0.0937067120971233,372.786860228009,16.8167273122922,FALSE,0.592697250263068
1986,7,217.155698987521,163.64711922663,0.753593481495662,0.0698442620262288,401.169344466185,10.0850783186367,FALSE,0.753593481495662
1986,8,245.341919916839,199.107506458069,0.811551106005686,0.0692328861105676,410.397537717976,10.9826641901318,FALSE,0.811551106005686
1986,9,76.3708724218082,63.3241067902534,0.829165685583693,0.0539476576123503,412.974459862439,7.49236122350697,FALSE,0.829165685583693
1986,10,751.472357504063,641.367849389314,0.853481625750746,0.0835273619261673,416.46345268328,11.9722600988233,FALSE,0.853481625750746
1987,1,1811.64445093308,384.909071490833,0.212463914369394,0.0384986079211053,275.43349623157,14.6166278085727,FALSE,0.212463914369394
1987,2,5615.51879153044,1730.89111105404,0.308233517740986,0.0485095976289202,306.639126144521,13.7009853570475,FALSE,0.308233517740986
1987,3,8866.47157978722,3631.58844595194,0.409586656120438,0.0473639606982686,333.04011415674,11.1262153267382,FALSE,0.409586656120438
1987,4,2833.71340259194,1323.62217169141,0.467098108962155,0.0583214544921431,345.776696807698,12.4422587889574,FALSE,0.467098108962155
1987,5,35731.2800669708,17483.6067395317,0.489308155396681,0.056763379421515,350.940097669919,11.7951566445957,FALSE,0.489308155396681
1987,6,4405.08821490869,2528.8885340336,0.574083516755639,0.0931516765330398,367.872007734543,17.6231960786869,FALSE,0.574083516755639
1987,7,167.95715792459,103.168808707257,0.614256694874405,0.128815891222685,374.224889715727,20.7809808993377,FALSE,0.614256694874405
1987,8,112.861980105014,85.7731978299362,0.759983102813962,0.106883380614689,401.644663218201,16.2863243643342,FALSE,0.759983102813962
1987,9,50.085004033989,45.7061315415328,0.912571186188093,0.100877229975288,420.033070323481,12.3989927531502,FALSE,0.912571186188093
1987,10,269.182642672846,240.828341060037,0.894665193374784,0.0920766546930689,420.289231129587,9.64930895385974,FALSE,0.894665193374784
1988,1,25187.3442813673,3212.52675562168,0.127545275108587,0.0194124282868867,234.262749133985,9.4008295674514,FALSE,0.127545275108587
1988,2,1981.06420306954,710.334456099091,0.358562057200605,0.0569179099707866,315.73468891646,16.7434999208221,FALSE,0.358562057200605
1988,3,1895.81040753467,823.36202237329,0.434306098912073,0.0565127458117361,335.517857717067,12.9397058810301,FALSE,0.434306098912073
1988,4,2715.57106542282,1318.96902214344,0.485705949270777,0.0512165951470602,348.2867663502,10.5074273655356,FALSE,0.485705949270777
1988,5,2635.48841906864,1387.89102149983,0.52661624746972,0.0565803504116076,357.407684171103,11.048646991997,FALSE,0.52661624746972
1988,6,26504.5692839929,14805.3233689534,0.558595131666407,0.0676005136957216,362.580768826969,11.8818848615671,FALSE,0.558595131666407
1988,7,3466.35384783561,2181.3292647837,0.629286380023126,0.0889878443733266,376.700282183353,14.8315780583582,FALSE,0.629286380023126
1988,8,180.061288068094,128.64228869417,0.714436123802031,0.145310309235475,391.737620360349,21.1648814379882,FALSE,0.714436123802031
1988,9,95.5454416960774,81.882366121116,0.856999189784243,0.251625465176574,418.692495092311,33.9838130144953,FALSE,0.856999189784243
1988,10,416.782400060653,365.770645221929,0.877605784622144,0.0982871175168182,417.670427373718,10.50271919737,FALSE,0.877605784622144
1989,1,6972.8534035072,1084.88296208607,0.155586658618177,0.0414728043984295,248.570035411746,18.3827341507286,FALSE,0.155586658618177
1989,2,13160.7802527052,4141.16030192888,0.31465917843873,0.0771937118357425,303.69861166155,20.7007490511758,FALSE,0.31465917843873
1989,3,1653.10860380278,756.232742434853,0.457461016593363,0.0830607972527859,339.125730656922,17.8540753131984,FALSE,0.457461016593363
1989,4,966.108638972692,516.24634658103,0.53435641268044,0.0763742922232892,356.194539644139,14.2213569130408,FALSE,0.53435641268044
1989,5,1056.6795488848,647.144508763251,0.612432131809722,0.0857411783853625,369.626886977986,12.6598324925627,FALSE,0.612432131809722
1989,6,603.120279711362,384.060805586286,0.636789739138082,0.0930882895169153,375.553738189673,15.9987603565558,FALSE,0.636789739138082
1989,7,16673.7179404481,11018.5210441326,0.660831680341862,0.0933931437709414,379.135811681905,15.1201106964689,FALSE,0.660831680341862
1989,8,2036.09790853156,1579.70856035381,0.775850981298387,0.107975213028278,398.796655703227,15.7000888969329,FALSE,0.775850981298387
1989,9,277.058476331412,228.719060620307,0.825526306391424,0.0757263213792184,408.255526042182,10.0179741561355,FALSE,0.825526306391424
1989,10,865.873454422358,785.279579432571,0.906921878043307,0.122518988167221,424.031026660746,14.4499950847078,FALSE,0.906921878043307
1990,1,668.047797808661,181.035861583795,0.270992378356206,0.0501540306720521,293.103779178232,15.4798632319737,FALSE,0.270992378356206
1990,2,10057.3716373661,2963.39940895116,0.294649488534486,0.0559857010985611,300.311015754301,15.7733535564242,FALSE,0.294649488534486
1990,3,9736.24367984935,3890.10251854575,0.3995485986651,0.0903061116985157,327.664194986585,21.3307426933727,FALSE,0.3995485986651
1990,4,1869.87557867365,1041.57404534898,0.55702853025536,0.101988330518074,363.692407865451,20.2625783295367,FALSE,0.55702853025536
1990,5,1335.58528819944,819.276012226508,0.613420961929741,0.0928127189376488,375.547014224576,15.1619590489975,FALSE,0.613420961929741
1990,6,1141.77288965581,728.421399908018,0.637973984587778,0.085149241107646,379.761298543409,14.0503372497542,FALSE,0.637973984587778
1990,7,790.214438663482,535.20121512435,0.677286049125546,0.0630247744870559,388.826264010939,10.382359953328,FALSE,0.677286049125546
1990,8,17873.5520068904,11945.419524482,0.668329357246783,0.0938741698769929,385.882575302657,13.2374544885048,FALSE,0.668329357246783
1990,9,1096.99133242462,790.491401062092,0.720599495818178,0.111993128803375,396.515895058687,15.8330200697527,FALSE,0.720599495818178
1990,10,173.164217030839,152.021858925614,0.877905733252851,0.158423966691312,417.25328700782,19.4553413908462,FALSE,0.877905733252851
1991,1,2095.40827163206,481.267846120623,0.229677362944538,0.048137101295894,280.826171951852,15.7909127886656,FALSE,0.229677362944538
1991,2,8071.95025465526,2637.7592150404,0.326780905707285,0.0410843622453981,312.838157978112,11.8945092057718,FALSE,0.326780905707285
1991,3,16474.4459047237,6383.55192189839,0.387482040902392,0.0496797463467746,329.657276552234,12.4086271026966,FALSE,0.387482040902392
1991,4,8833.20020044837,4146.03363389271,0.469369372346192,0.0614652783154041,349.478984183022,13.3799663834763,FALSE,0.469369372346192
1991,5,1124.45806581925,653.913816498372,0.581536863290627,0.0718489682043343,373.308736424384,11.7519467872181,FALSE,0.581536863290627
1991,6,1058.58039008363,657.839630583417,0.621435685703043,0.0668007526056889,381.22192647867,10.9704874995944,FALSE,0.621435685703043
1991,7,1289.14392629664,819.213625446448,0.635471035262776,0.0823525133906048,383.089759828035,12.6773269700293,FALSE,0.635471035262776
1991,8,1006.17824871279,713.375624133846,0.708995274988773,0.0849858986756852,394.09174642167,12.0588429294597,FALSE,0.708995274988773
1991,9,12391.9323931016,8592.59928559811,0.693402692414743,0.105555918062106,392.786186655474,14.7175316000601,FALSE,0.693402692414743
1991,10,476.595592343333,425.45672871742,0.892699671487786,0.385701738603291,419.047244635631,46.5612076189065,FALSE,0.892699671487786
1992,1,4772.74786191546,776.552624758944,0.162705562335591,0.023946632385468,255.264220021564,11.4041948774236,FALSE,0.162705562335591
1992,2,9503.24547590781,2626.9336192099,0.276424893566054,0.0462019139938441,298.744647203979,15.488715543118,FALSE,0.276424893566054
1992,3,5504.58348354068,2163.66125434456,0.393065390108834,0.0484012369025139,332.051970273621,12.3897636406011,FALSE,0.393065390108834
1992,4,16736.378841882,7470.95614056713,0.446390238363355,0.0483897406719545,344.902320122006,10.7364026384683,FALSE,0.446390238363355
1992,5,9205.09232715277,4685.59936676365,0.509022527991628,0.054301546257532,358.774683743303,11.1569324848523,FALSE,0.509022527991628
1992,6,1356.70902418481,787.396048821812,0.580372087739984,0.0722276615600373,372.371050335729,13.6803294568476,FALSE,0.580372087739984
1992,7,552.315375537787,337.225644048246,0.610567184952784,0.0574437162579292,379.18537517053,10.8712851504971,FALSE,0.610567184952784
1992,8,978.25744598472,676.728490301623,0.691769322154685,0.0639275969813237,393.04938177846,10.030579332044,FALSE,0.691769322154685
1992,9,655.346385582054,447.230540176736,0.68243382433478,0.0783515927409334,391.580094896951,12.6417875302679,FALSE,0.68243382433478
1992,10,9294.05910271096,6588.01336500695,0.708841346090139,0.0882691300652279,395.540339890283,13.6860878895819,FALSE,0.708841346090139
1993,1,70.3833335536734,12.1995444794312,0.173330018109017,0.0195955315849953,258.734904505799,8.85711609670824,FALSE,0.173330018109017
1993,2,2088.26513468788,605.683061026489,0.290041264859319,0.0343688505140362,302.737324036555,10.8099239346524,FALSE,0.290041264859319
1993,3,6432.22884551999,2405.23348801084,0.3739346882358,0.0518820370469675,326.292607294792,12.9794880602069,FALSE,0.3739346882358
1993,4,5499.05663879531,2515.85675782291,0.457506973118586,0.0488253076064638,346.694701618704,10.8256952719978,FALSE,0.457506973118586
1993,5,18945.780186707,9160.93983374055,0.483534578331493,0.0498288608242507,352.491550976191,10.194099307827,FALSE,0.483534578331493
1993,6,9796.78074205418,5291.01197896272,0.540076594370459,0.0712845206901864,364.130770242905,13.0998064821342,FALSE,0.540076594370459
1993,7,1817.71129161937,1086.11756130496,0.597519290501496,0.0696502765387904,375.453651222914,12.4351085297862,FALSE,0.597519290501496
1993,8,714.220067932084,463.117923756379,0.648424686661727,0.083647486039193,384.344858867143,14.5969005121994,FALSE,0.648424686661727
1993,9,681.348613284414,469.98142441668,0.689781141772862,0.0988276500142804,392.265019467036,15.6853828504182,FALSE,0.689781141772862
1993,10,6795.98919820116,4837.8342794585,0.711866093127257,0.086824895911425,395.348611668223,13.5234842167203,FALSE,0.711866093127257
1994,1,2311.25825906683,552.543010685145,0.239065889118005,0.0386562544516867,284.432238895662,14.2057445438296,FALSE,0.239065889118005
1994,2,1314.6108458741,454.121811322,0.345442008749021,0.0908284163229863,317.306888821393,21.2584101236416,FALSE,0.345442008749021
1994,3,9949.44788008615,3710.59270930392,0.372944584867939,0.0531814551218018,325.662047621618,13.0953368816746,FALSE,0.372944584867939
1994,4,9355.42642029749,4259.94045701598,0.45534433874373,0.0508716016696933,345.739118546197,10.995753745724,FALSE,0.45534433874373
1994,5,2683.49175518841,1435.31075098372,0.534866838405079,0.0635702566417291,361.661306088562,11.5141261496772,FALSE,0.534866838405079
1994,6,11968.6771126899,6302.96244269799,0.526621478994969,0.0654056857055203,361.014295424555,11.7702035653477,FALSE,0.526621478994969
1994,7,3754.24658601284,2196.07314180483,0.584957085660467,0.0699503701004732,371.536434364599,11.9196536273009,FALSE,0.584957085660467
1994,8,550.437387295275,348.764491722111,0.633613376874454,0.100506274226107,381.535765873948,15.9984266892594,FALSE,0.633613376874454
1994,9,338.021405130715,234.509269744279,0.693770471883558,0.0874388122263837,390.240514215212,13.1849557539706,FALSE,0.693770471883558
1994,10,1522.73736853598,1101.37259648302,0.72328467090942,0.0974197245871359,395.373887236772,13.6031148271756,FALSE,0.72328467090942
1995,1,8310.18977581447,1644.03737182879,0.197833914288397,0.0450513927051472,265.911215844355,17.7844258203955,FALSE,0.197833914288397
1995,2,7697.20401503724,2584.61763044283,0.335786556442252,0.064650645570311,310.206854341632,18.3105362607972,FALSE,0.335786556442252
1995,3,1089.41609908487,490.5411621643,0.450278972907011,0.0612248571264668,340.495700314455,13.6295138862614,FALSE,0.450278972907011
1995,4,8018.33881131338,3812.92526177599,0.475525585972519,0.0613485718481589,345.753125145553,11.8645408815258,FALSE,0.475525585972519
1995,5,5813.85348668316,2994.74575541523,0.51510512988929,0.0680162450566726,354.146152321118,12.4163245018161,FALSE,0.51510512988929
1995,6,1607.00139652909,956.938903556869,0.595481065308174,0.0689783706479092,370.082444637332,11.4175991835263,FALSE,0.595481065308174
1995,7,5626.7998204835,3387.5556519607,0.602039482483244,0.0722192556145931,371.181353701159,11.6063735490083,FALSE,0.602039482483244
1995,8,1980.6653249278,1280.94424729985,0.646724225026022,0.0864490599138123,377.988591139631,12.7626178913313,FALSE,0.646724225026022
1995,9,254.904125964751,184.331386634612,0.723140066630785,0.134682346753789,387.806231807773,17.1042292285168,FALSE,0.723140066630785
1995,10,443.179543782484,351.501825841935,0.793136395335194,0.089768893808346,402.170898554547,11.2505827031616,FALSE,0.793136395335194
1996,1,3950.13037937474,813.619060335775,0.20597271031458,0.053549791829596,269.326843110563,17.8151692402526,FALSE,0.20597271031458
1996,2,8875.42007068883,2868.46141187342,0.323191622371379,0.0637278089908734,306.87447545047,16.2068632395963,FALSE,0.323191622371379
1996,3,8578.10650892228,3817.92649178154,0.445078000350127,0.0731988066528724,336.379369047641,15.5552229555565,FALSE,0.445078000350127
1996,4,1026.5910879831,550.236685552116,0.535984280394584,0.0713446850871507,355.366836351358,12.758445285941,FALSE,0.535984280394584
1996,5,5771.98353709543,3203.78488685153,0.555057869839964,0.0755531678222949,360.775210739608,12.3811284713841,FALSE,0.555057869839964
1996,6,6352.11351350158,3815.30544552093,0.600635589620904,0.0820103633407711,368.41381964626,12.5213627339782,FALSE,0.600635589620904
1996,7,1234.31329425914,795.485165613846,0.644475895474589,0.0860480233480604,377.653985332791,11.9633397409641,FALSE,0.644475895474589
1996,8,5106.16524530102,3405.76688870845,0.666991122514616,0.094815038651836,380.661912296443,13.5426132848166,FALSE,0.666991122514616
1996,9,1140.36797700453,816.063955623057,0.715614584133326,0.0871361095960096,388.640713138,10.3621692294603,FALSE,0.715614584133326
1996,10,336.770331633883,271.217069553691,0.805347276993933,0.117315314683873,400.694132198037,13.1628520099805,FALSE,0.805347276993933
1997,1,8943.15718064836,1955.28468184424,0.218634721759692,0.0367031965249186,272.874381402448,13.6809319790938,FALSE,0.218634721759692
1997,2,13842.8821748414,4854.80913951134,0.350707972385597,0.0620994425879102,311.57034941358,16.1218711265347,FALSE,0.350707972385597
1997,3,9997.41633825842,4470.86670487227,0.447202212411923,0.0628089407541485,335.941345001509,12.3990692817396,FALSE,0.447202212411923
1997,4,4822.03558056054,2530.02682768709,0.524680248707949,0.0787931237141853,353.746298494866,14.7902123780982,FALSE,0.524680248707949
1997,5,773.118756613971,458.761317717573,0.593390489873523,0.0640473624277045,368.129250770439,11.8144308558066,FALSE,0.593390489873523
1997,6,3583.12371829466,2116.57433241924,0.590706461407534,0.0879289346692346,369.5949308122,13.7300643488342,FALSE,0.590706461407534
1997,7,2895.59624397601,1862.62682027959,0.643261927195338,0.0952705505441009,378.531905794367,13.5216684280936,FALSE,0.643261927195338
1997,8,660.230431325161,490.727127396053,0.743266447762949,0.111391868744104,391.249530820028,15.66268534412,FALSE,0.743266447762949
1997,9,3285.46954656179,2312.26611117628,0.703785586323891,0.105393251648906,389.514956008853,12.0859474207601,FALSE,0.703785586323891
1997,10,481.418898068904,358.11979300493,0.743883953125731,0.125296853697157,393.950402688201,14.8711681716935,FALSE,0.743883953125731
1998,1,2308.71106325243,357.018463932506,0.154639733665741,0.0515903171976762,248.261561772963,23.2859250785541,FALSE,0.154639733665741
1998,2,22532.3927808644,5495.43285605844,0.243890336437124,0.0583593193860817,286.45366381479,17.9812127792408,FALSE,0.243890336437124
1998,3,10384.3399065103,4133.6362054009,0.398064416478643,0.0576056913231145,330.627078565306,13.2172831289137,FALSE,0.398064416478643
1998,4,8601.97833892659,4347.3233217647,0.505386453031592,0.0568520695869641,355.76547269551,11.3307835297594,FALSE,0.505386453031592
1998,5,3292.97071317797,1873.68342978252,0.568994866029123,0.0641280577928253,367.82990288861,12.1362294467527,FALSE,0.568994866029123
1998,6,267.84492950212,166.063768542898,0.619999672390975,0.0823809166935006,378.231303175751,14.1477630290584,FALSE,0.619999672390975
1998,7,1602.98768776794,1054.42191784532,0.657785412758555,0.0745756681113693,384.441980177024,12.0464455425933,FALSE,0.657785412758555
1998,8,1271.61057162212,840.323094256885,0.660833680538635,0.0819024297594627,384.883534689004,14.054417426471,FALSE,0.660833680538635
1998,9,245.941967638035,174.573331688993,0.70981513795938,0.0641442301308769,393.720119462134,10.0162849256181,FALSE,0.70981513795938
1998,10,1040.6411560117,743.03741663348,0.714018864563463,0.0767490675822756,395.880076587941,12.2514641514614,FALSE,0.714018864563463
1999,1,2116.72023905842,401.234447876839,0.189554784082057,0.0452413809989705,263.143526873499,17.6047421499918,FALSE,0.189554784082057
1999,2,7213.05824936285,2002.92578084051,0.277680522130462,0.0655267634185881,294.057469941492,18.0831131110324,FALSE,0.277680522130462
1999,3,15842.6066487963,6468.66369717868,0.40830804176219,0.0720320856470478,328.911068547378,14.5071453541504,FALSE,0.40830804176219
1999,4,7631.40742228117,3649.17196356141,0.478178108130755,0.0678181465531526,346.955094474596,11.8383429051367,FALSE,0.478178108130755
1999,5,3981.85899993803,2177.26077944505,0.546795047107126,0.0723707581787679,362.487422876178,11.9523163213946,FALSE,0.546795047107126
1999,6,1396.54544611309,840.99282067383,0.602195097205401,0.0831348688827197,373.346511195778,12.4528488719939,FALSE,0.602195097205401
1999,7,231.44992697678,154.287878469259,0.666614504850277,0.0812983097587824,384.683316301456,10.3767466624232,FALSE,0.666614504850277
1999,8,529.302043508503,352.174966971929,0.665357278119541,0.0867511885623732,385.633194545305,12.8880156161661,FALSE,0.665357278119541
1999,9,495.65895113159,350.737971678275,0.707619565585449,0.0958386233174251,390.390703297161,12.3341349745467,FALSE,0.707619565585449
1999,10,197.413609120289,140.548612184988,0.711949965411699,0.103426985854795,391.739190316147,13.5793425403629,FALSE,0.711949965411699
2000,1,34933.6354527376,6245.51510313599,0.178782283097494,0.057039890356519,254.739604274789,23.597232545563,FALSE,0.178782283097494
2000,2,6037.91814862511,1775.1129588324,0.293994207131909,0.0671691574972439,297.596576286943,20.6770013902813,FALSE,0.293994207131909
2000,3,4676.59888854367,1751.76894336477,0.374581824337362,0.058493047859501,321.956350762106,13.757369054855,FALSE,0.374581824337362
2000,4,7603.90297694076,3537.30772929617,0.46519632615293,0.0581562763278924,346.839524920097,11.7873452884577,FALSE,0.46519632615293
2000,5,2544.73766340287,1404.72008166326,0.552009781544572,0.072427423289009,365.056401158969,12.3563280662508,FALSE,0.552009781544572
2000,6,1498.50424749397,905.650053966685,0.60436936063495,0.0719420209947733,375.499522584114,12.4340031283776,FALSE,0.60436936063495
2000,7,268.322555631477,175.252391050428,0.653140734434287,0.0698028661003007,385.377401536988,10.2279643776005,FALSE,0.653140734434287
2000,8,51.9181515693059,37.7090666696496,0.726317588932486,0.0447215608436667,398.793930161953,7.1545773363127,FALSE,0.726317588932486
2000,9,197.351522587288,140.646246362882,0.712668666139499,0.0921000364439879,394.585484659396,13.6297519859453,FALSE,0.712668666139499
2000,10,149.98663699129,105.409410234877,0.702792011004274,0.0976872235084908,392.827166412197,16.0204234457598,FALSE,0.702792011004274
2001,1,5084.34162747566,769.093388603983,0.15126705578709,0.0434942501584201,245.561678939304,18.5546239185948,FALSE,0.15126705578709
2001,2,45546.336302142,13268.1444008131,0.291310903972513,0.0521161501228669,295.386338940785,14.936108255297,FALSE,0.291310903972513
2001,3,9928.74528775549,4201.34337039709,0.423149476457851,0.0701190559369841,327.903126570027,15.0035334235692,FALSE,0.423149476457851
2001,4,3823.23489564031,1857.79491044278,0.48592225200739,0.0698672653625574,343.465660292596,13.3602411845376,FALSE,0.48592225200739
2001,5,4717.15354311298,2682.91559004186,0.568757316360606,0.0792046491782837,362.059014368485,12.1048182158113,FALSE,0.568757316360606
2001,6,1139.91789153004,727.861393773306,0.638520896269419,0.0857145767109043,375.875884974893,10.9671916984203,FALSE,0.638520896269419
2001,7,872.368182668568,598.545594428259,0.686115801011119,0.0998357313098127,384.099539220595,13.6014336853531,FALSE,0.686115801011119
2001,8,154.467526449682,112.612280892629,0.729035309109537,0.135632782501908,386.28141650262,18.1674300979013,FALSE,0.729035309109537
2001,9,45.9194131585629,38.6528762105005,0.841754577242297,0.149323820093105,403.816841738654,11.2050526523518,FALSE,0.841754577242297
2001,10,85.3630632410274,66.1061102716233,0.774411176939245,0.0695946914817932,396.282263699483,9.09999282734975,FALSE,0.774411176939245
2002,1,3256.98439851868,547.845116092043,0.168206245120858,0.0444626373393962,252.320351867504,16.6700111641275,FALSE,0.168206245120858
2002,2,6208.28677147892,1720.52459947086,0.277133557582265,0.046819955792527,293.13761430622,14.1915336583513,FALSE,0.277133557582265
2002,3,71875.2481518928,27217.2687889041,0.378673736630256,0.0510925189062651,320.48699562328,12.1233908077676,FALSE,0.378673736630256
2002,4,6276.93278378628,2829.5949307705,0.450792612927054,0.0729168562481579,338.844638928037,16.5439028899172,FALSE,0.450792612927054
2002,5,1869.42321833028,967.010800290223,0.517277623819142,0.0738895895559697,353.231897666169,14.8928942525656,FALSE,0.517277623819142
2002,6,1652.28632847267,999.092476098464,0.604672724625156,0.0846323774335109,372.210988325183,14.1170106323687,FALSE,0.604672724625156
2002,7,309.373522637089,196.207795588442,0.634210044595845,0.0820180504872596,379.279011659535,14.4471632286264,FALSE,0.634210044595845
2002,8,146.747248172087,99.9723675474587,0.681255483784087,0.0893530428506621,389.546146476533,12.0066977965901,FALSE,0.681255483784087
2002,9,15.4950749459033,10.7193328629823,0.691789675132637,0.0836363662379996,392.565831352209,10.1503765052646,FALSE,0.691789675132637
2002,10,24.6794046304586,18.045895836098,0.731212770579819,0.0889770924870845,398.946248154368,9.9596306036224,FALSE,0.731212770579819
2003,1,3487.89521632091,762.098690974889,0.218498161128465,0.0522869474201806,269.74866329475,17.6205570604214,FALSE,0.218498161128465
2003,2,6494.51161546834,2017.13230045398,0.310590298375888,0.0523268783097365,300.287188873945,13.2137762413807,FALSE,0.310590298375888
2003,3,7140.99268919108,2691.58341782263,0.376920063494356,0.0655573800090631,317.916812064033,14.334389987358,FALSE,0.376920063494356
2003,4,73199.4376422765,34226.4762752957,0.46757840466698,0.068693757556103,338.454302054261,13.2059390088346,FALSE,0.46757840466698
2003,5,6926.98834500111,3681.71668139492,0.531503230267718,0.0727570400473263,350.942962115422,13.5680984762683,FALSE,0.531503230267718
2003,6,895.135573251046,552.359327674667,0.6170677874733,0.0814745273376313,367.942496405358,11.7522563785793,FALSE,0.6170677874733
2003,7,742.837035208738,503.861314144671,0.678293205996502,0.122765516702416,377.453700030361,19.5984284875227,FALSE,0.678293205996502
2003,8,49.4837463731996,35.0656773768584,0.708630205813398,0.0929675701447025,387.672298401749,9.40844350471005,FALSE,0.708630205813398
2003,9,2.26746629261059,1.92190168962057,0.847598791604457,0.000944101579367801,400.000096264906,0.0610214701310633,FALSE,0.847598791604457
2003,10,0,0,NA,NA,NA,NA,TRUE,0.706008525504134
2004,1,43885.6112457589,8852.32114991234,0.201713520642095,0.0500335629089292,266.454340668812,20.6944322509194,FALSE,0.201713520642095
2004,2,28440.5594755313,8214.54450265001,0.288832029120853,0.0724298790768178,295.973790564506,21.6123104441634,FALSE,0.288832029120853
2004,3,7048.77328260084,2750.41241459045,0.390197315805227,0.0533047391729942,324.45358404334,12.5479257371413,FALSE,0.390197315805227
2004,4,5616.63230886436,2690.95596486719,0.479104882942084,0.0731320455897001,343.909036866149,13.7252492870833,FALSE,0.479104882942084
2004,5,54033.4642642391,29248.937175388,0.541311529321022,0.0740097793150079,356.087893217412,12.6224828101411,FALSE,0.541311529321022
2004,6,2144.29853235893,1260.35195700018,0.587768884780086,0.0863424861466583,365.650842526624,13.5003301816995,FALSE,0.587768884780086
2004,7,804.646138313428,527.223886609834,0.655224528529916,0.0820276778470952,375.674144251271,12.26377920892,FALSE,0.655224528529916
2004,8,420.604780081106,325.241533369169,0.773271129506546,0.0871494958624235,393.386994087668,10.3849447140036,FALSE,0.773271129506546
2004,9,6.75748966675015,4.79764790368236,0.709974878287853,0.0763859181209607,394.695106737397,11.8180747334279,FALSE,0.709974878287853
2004,10,0,0,NA,NA,NA,NA,TRUE,0.680804280428449
2005,1,15975.1463970529,1730.87174203239,0.108347785930256,0.0505224546569061,225.681307469086,23.5725538363537,FALSE,0.108347785930256
2005,2,53981.9112460668,15558.0030340102,0.28820771022893,0.0734558928329741,296.378566998556,20.2752741367145,FALSE,0.28820771022893
2005,3,30633.2112862103,11222.246564439,0.366342479069138,0.0658748675416322,318.236821978364,16.6284248314969,FALSE,0.366342479069138
2005,4,5587.70091648269,2527.03927442291,0.452250274700389,0.0652469192941774,338.862273509828,13.6870036948071,FALSE,0.452250274700389
2005,5,4103.23719460145,2115.7776157253,0.515636195370082,0.0727269706376189,351.747999834074,13.7619548462345,FALSE,0.515636195370082
2005,6,34125.6498885333,20341.2776306092,0.596070044000661,0.0844929267210849,367.297831995722,14.9167433963314,FALSE,0.596070044000661
2005,7,1549.70415213636,978.064617092202,0.631129893885797,0.0854159390715823,373.222285294564,14.4807846842841,FALSE,0.631129893885797
2005,8,290.588748452767,195.354375582862,0.672270955510225,0.0457218860217247,380.91758660096,6.0913331909114,FALSE,0.672270955510225
2005,9,106.295015171052,77.6474557880702,0.730490095543223,0.0444326530253095,389.357450492548,5.05023213486488,FALSE,0.730490095543223
2005,10,26.4910167535001,17.3675115201254,0.655600035352764,0.0442566354673027,381.788878814958,7.17075521313739,FALSE,0.655600035352764
2006,1,44177.7340028506,9728.56868431039,0.220214298082438,0.0407687356730299,271.633113055428,15.0135590429424,FALSE,0.220214298082438
2006,2,15489.8672983575,4902.14116214662,0.316474058022849,0.0725519238097845,300.881108221073,19.2298233597806,FALSE,0.316474058022849
2006,3,45342.5194973981,18887.5279863095,0.416552238289126,0.0602353876444054,326.42964901984,13.8524207059782,FALSE,0.416552238289126
2006,4,22877.1980710773,10817.071567859,0.47283201090673,0.0673671711111091,338.595163652284,13.852011760793,FALSE,0.47283201090673
2006,5,3229.47607712775,1709.99679796482,0.529496660487933,0.0656863790745558,350.410562847923,12.3382336584054,FALSE,0.529496660487933
2006,6,1632.87351797078,893.293970576141,0.547068686426041,0.0713925113601133,355.642017038995,12.8270902172661,FALSE,0.547068686426041
2006,7,9884.13455715799,6339.592659527,0.64139076849535,0.0883190666163372,371.665447365711,13.6209686311598,FALSE,0.64139076849535
2006,8,274.762137720614,194.602605543258,0.708258449135868,0.12150944129909,383.5379777889,14.3417165464462,FALSE,0.708258449135868
2006,9,20.3200143911353,12.890738691732,0.634386297352017,0.0827055086567628,376.776372441061,15.1333346303171,FALSE,0.634386297352017
2006,10,8.1696520575884e-05,5.17517517517517e-05,0.633463351767619,NA,375,NA,FALSE,0.633463351767619
2007,1,2232.13460581233,461.350903341886,0.206685968731706,0.0572251659056493,264.724452302451,22.763623684446,FALSE,0.206685968731706
2007,2,32887.9846881424,10474.3227785103,0.318484786399417,0.054521009439735,300.721933201184,13.6064890487003,FALSE,0.318484786399417
2007,3,22433.6380292978,9725.16439353392,0.433508126538954,0.0798771685463702,327.498840769256,15.4247251842619,FALSE,0.433508126538954
2007,4,45128.1541805716,22637.3193030242,0.501622982682725,0.0837781427911889,341.165187659254,14.4550701668463,FALSE,0.501622982682725
2007,5,9468.91342109413,5553.68981395267,0.586518174469795,0.0870413663764259,356.505901633961,12.8944247871533,FALSE,0.586518174469795
2007,6,1418.21732676553,868.781863592373,0.612587258099413,0.108847637969838,359.965114175585,17.439836753429,FALSE,0.612587258099413
2007,7,949.185602981733,641.553673374679,0.675899077439995,0.115474424442079,370.815446772113,15.6142930327531,FALSE,0.675899077439995
2007,8,3969.63572066408,2832.7292572757,0.713599296411463,0.0948532477086882,377.211377777628,11.8507732815473,FALSE,0.713599296411463
2007,9,22.3411163752078,16.9053834898577,0.756693766145802,0.0474185024554925,385.022339792504,0.683527114296546,FALSE,0.756693766145802
2007,10,4.6511874271747,3.22431000735577,0.693222979688509,0.0131999621631603,390.182649811805,1.85677698193867,FALSE,0.693222979688509
2008,1,21028.3463451216,3477.90491784194,0.165391270467104,0.0576695081425131,248.819467280373,25.57943626802,FALSE,0.165391270467104
2008,2,7033.93295771644,2127.55783449597,0.302470587548319,0.0641864821020976,300.026661020508,18.575229351962,FALSE,0.302470587548319
2008,3,28852.2840996312,12209.5825532605,0.423175597158928,0.0633796722032368,331.750310023769,15.1635680807606,FALSE,0.423175597158928
2008,4,7699.33079103461,3884.82778275067,0.504566940710524,0.066838929586008,349.529813868632,13.1429563354002,FALSE,0.504566940710524
2008,5,11794.1590518958,6311.25693713719,0.535117163450728,0.0661971696712155,355.866847337023,12.2917503786929,FALSE,0.535117163450728
2008,6,1101.71155001839,675.886794474755,0.613487981008707,0.0754602613072117,370.54819188631,12.0239330039066,FALSE,0.613487981008707
2008,7,302.733001110855,206.551597002195,0.682289661993471,0.0761575699331777,381.698437237436,12.2994222479997,FALSE,0.682289661993471
2008,8,130.03198033325,75.9201638851787,0.583857630181502,0.126916893405699,364.626503288284,24.6542715314699,FALSE,0.583857630181502
2008,9,681.443039150763,481.174030391637,0.706110419722377,0.102908882333573,385.905739402376,15.4938552241328,FALSE,0.706110419722377
2008,10,2.25585119591662,1.73050057877129,0.767116457815886,0.0603767748189612,401.027651720434,5.07859768803865,FALSE,0.767116457815886
2009,1,52872.3075908595,10781.9388650085,0.203924121270479,0.0382560479221363,267.58565933318,16.0830132870497,FALSE,0.203924121270479
2009,2,26611.8515777885,8455.08504536932,0.317718781072202,0.0595154548154534,303.673321026486,16.4036339389218,FALSE,0.317718781072202
2009,3,7421.2839263643,3102.14805414745,0.418006922377271,0.0578795738428708,328.855791131175,13.0101188828072,FALSE,0.418006922377271
2009,4,25229.8131248573,12341.8603594058,0.489177636723996,0.064923817480998,344.619396518065,12.7130222950461,FALSE,0.489177636723996
2009,5,4801.79482910904,2773.28199582302,0.577551122969906,0.0702583342479522,361.583332365008,11.3175851547656,FALSE,0.577551122969906
2009,6,7001.29349232507,4138.92124782815,0.591165225735116,0.0630362012376317,364.989569334592,10.6740771478202,FALSE,0.591165225735116
2009,7,221.145697628016,145.915904502139,0.659817966468336,0.0699063454461307,375.066334924622,10.0311441689679,FALSE,0.659817966468336
2009,8,83.2162841401003,51.5094520234008,0.618982841587605,0.0251111402589028,372.39784496212,5.02966197257359,FALSE,0.618982841587605
2009,9,6.1105027161722,4.79342733906188,0.784457116167461,0.0879472657512619,401.467722309741,13.8460613787629,FALSE,0.784457116167461
2009,10,509.316707170341,408.739690367106,0.802525588916922,0.0841623132928765,394.385974552488,10.3442785262774,FALSE,0.802525588916922
2010,1,8928.12284029992,756.223163823133,0.084701249898767,0.0572781265580873,202.3566927357,27.6913215385486,FALSE,0.084701249898767
2010,2,34960.225869184,12468.6420314771,0.356652216096455,0.0482503948402236,311.092773162297,12.9931021906972,FALSE,0.356652216096455
2010,3,29990.8670417051,13043.8718763685,0.434928135229629,0.0510997485264315,330.081577875491,11.3928301891276,FALSE,0.434928135229629
2010,4,4794.17212359684,2395.08766864129,0.499583161992184,0.0664473686164366,344.007543416091,13.4844371956912,FALSE,0.499583161992184
2010,5,12721.7466394293,7178.76191094349,0.564290589524392,0.0649478508875975,357.203944249914,11.590157772089,FALSE,0.564290589524392
2010,6,1542.82862746339,995.655915499526,0.64534446520902,0.0751241479350214,371.422657858201,11.9980003866569,FALSE,0.64534446520902
2010,7,2312.48378824709,1506.10625996022,0.651293759383229,0.074485965985414,372.953526958325,11.5144541487196,FALSE,0.651293759383229
2010,8,98.2383416932879,62.401762756817,0.635207818874253,0.0978265341172501,370.760747627236,15.026223703224,FALSE,0.635207818874253
2010,9,1.25647042208892,1.04777661281048,0.833904717843276,0.012852737337266,394.980244821616,0.995810288049714,FALSE,0.833904717843276
2010,10,60.0614500519845,42.3214534856732,0.704635892890416,0.0447105265569844,381.355873461969,6.38231517653939,FALSE,0.704635892890416
2011,1,6495.17690739049,1169.54138136766,0.18006305263786,0.0355855654232,259.316291266572,13.733313660976,FALSE,0.18006305263786
2011,2,2721.383077372,776.498784181332,0.285332407127036,0.0674414543110617,293.927974855817,19.6630863065226,FALSE,0.285332407127036
2011,3,13411.2256634991,5521.92351049938,0.411738915521213,0.0483025894456135,330.754171914794,12.7408753757476,FALSE,0.411738915521213
2011,4,4862.8820740459,2298.57664845436,0.472677851005743,0.0527046258973194,345.03710966971,12.3173879903354,FALSE,0.472677851005743
2011,5,440.198089955182,242.932960386549,0.551871909329008,0.0571151116852719,361.449784458265,12.1965194895609,FALSE,0.551871909329008
2011,6,2011.1111286017,1138.09843571863,0.565905294606933,0.0669660027441184,364.276721146845,12.2796332983171,FALSE,0.565905294606933
2011,7,187.793008733341,128.386727463569,0.683660847278258,0.0508444816346411,385.755482468596,8.60542825696213,FALSE,0.683660847278258
2011,8,290.91561437623,183.908993040816,0.632172987466303,0.0751940894361861,376.518405366216,12.109212516034,FALSE,0.632172987466303
2011,9,19.0598738304738,12.878476685322,0.675685306202358,0.0066210827530184,385.086195551355,1.04084152075447,FALSE,0.675685306202358
2011,10,16.8051127231315,11.8722071504692,0.70646399974025,0.00789485233734687,390.037129363939,1.62087642488076,FALSE,0.70646399974025
2012,1,475.321920632157,104.4448029947,0.219734875378339,0.0648425025028588,273.738933237012,22.3505878293214,FALSE,0.219734875378339
2012,2,12219.4676629005,4131.11253735537,0.338076309976892,0.0734138735473533,311.045176762009,20.3969403233986,FALSE,0.338076309976892
2012,3,2078.61381612307,842.952985049299,0.405536121481928,0.0681343845170139,329.576038508856,17.5599712631925,FALSE,0.405536121481928
2012,4,2988.02499297756,1481.87068417481,0.495936509118061,0.0735311421352711,349.577517619586,15.016202252254,FALSE,0.495936509118061
2012,5,265.790176055901,146.812993677011,0.552364259114428,0.0842068424299671,360.225958168531,15.980288659471,FALSE,0.552364259114428
2012,6,26.2296869030856,16.7533845867628,0.638718435666573,0.072515275744513,380.111735338979,14.4459205131395,FALSE,0.638718435666573
2012,7,54.7878612042821,42.0986395194965,0.768393556421695,0.132499296475011,391.991352874964,15.9048596934324,FALSE,0.768393556421695
2012,8,4.20400994697395,2.72534892897364,0.648273663323596,0.0501369228108235,380.1903305481,8.8192573232329,FALSE,0.648273663323596
2012,9,1.61261825400226,1.04560512400495,0.648389736014663,0.0141944260618937,380.3439477205,2.32614559028234,FALSE,0.648389736014663
2012,10,0.115917043688708,0.0820233961102474,0.707604278888608,NA,390.284606092773,NA,FALSE,0.707604278888608
2013,1,850.139436636813,149.988745574485,0.176428405871685,0.0401532341958434,261.44392234883,14.7070362554214,FALSE,0.176428405871685
2013,2,6044.4905800314,1735.28602706341,0.287085570584906,0.0697462999839232,299.417487679338,20.3393196660244,FALSE,0.287085570584906
2013,3,12723.2021444844,5389.53655629476,0.423599066893014,0.0726122741315012,336.095945400987,17.5533213952508,FALSE,0.423599066893014
2013,4,602.31724151156,283.180365826557,0.470151518684564,0.0652609850411251,346.97920627457,14.5141935945803,FALSE,0.470151518684564
2013,5,1653.84145379139,902.143049517414,0.545483394100006,0.0825277600390476,362.871851570988,14.1801377669718,FALSE,0.545483394100006
2013,6,100.570857226197,56.4174372251947,0.560972022922154,0.0752668450536389,366.848215110619,13.5066752800941,FALSE,0.560972022922154
2013,7,0.103534153965508,0.0663499801409781,0.640851135588381,NA,385,NA,FALSE,0.640851135588381
2013,8,5.02294133658574,3.11560099557906,0.620274215206512,0.0414294160533242,376.346135184242,4.79048340848275,FALSE,0.620274215206512
2013,9,0,0,NA,NA,NA,NA,TRUE,0.663207934260983
2013,10,0,0,NA,NA,NA,NA,TRUE,0.707604278888608
2014,1,1277.79640774993,240.336007904118,0.188086307369831,0.0502411054444597,265.900297342828,19.1262405110631,FALSE,0.188086307369831
2014,2,3464.64510131114,1207.25220401244,0.348449023986779,0.0941145365294217,314.888197094103,23.1846424910156,FALSE,0.348449023986779
2014,3,7058.3723450894,3014.56046109976,0.427090030635325,0.089595270345189,333.732489324975,20.1758627451771,FALSE,0.427090030635325
2014,4,4072.0179618247,2071.75245270969,0.508777827635445,0.0854404447183458,351.29615115065,17.0942937640035,FALSE,0.508777827635445
2014,5,83.1118674051548,48.3523718235176,0.581774580852682,0.100222155602562,365.827308856353,18.4918096900724,FALSE,0.581774580852682
2014,6,63.2752790026141,43.7505164119077,0.691431426325282,0.0997176838123313,385.082399470714,14.3728933304616,FALSE,0.691431426325282
2014,7,0.629402323831722,0.466742436795393,0.741564527366095,NA,403.268079051916,NA,FALSE,0.741564527366095
2014,8,0.756463001923641,0.507841556744345,0.671336939748452,NA,390.133570083589,NA,FALSE,0.671336939748452
2014,9,0,0,NA,NA,NA,NA,TRUE,0.678026132507303
2014,10,0,0,NA,NA,NA,NA,TRUE,0.707604278888608
2015,1,3699.11217707184,644.618149283088,0.174262936192802,0.0343344685406379,262.605723412906,14.4637453819006,FALSE,0.174262936192802
2015,2,4073.90397694998,1153.34226909842,0.283104922360467,0.0837304255656881,298.496126854585,27.4616321820215,FALSE,0.283104922360467
2015,3,1996.82536140645,821.097996751515,0.411201706779795,0.0949941231060647,331.253159494465,20.0055321149654,FALSE,0.411201706779795
2015,4,2114.75365721859,1011.97066289288,0.478528862895485,0.0964533621844321,344.92314093476,19.6125457329754,FALSE,0.478528862895485
2015,5,952.168218321537,547.637406376798,0.575147747886569,0.0870157164571132,362.966697607956,14.2575812887751,FALSE,0.575147747886569
2015,6,124.443781454139,77.5172680871278,0.622909937172676,0.101422158810465,369.818087191268,15.5116248340481,FALSE,0.622909937172676
2015,7,13.3296711426539,7.87252227922341,0.590601388059153,0.0943429120773775,366.046409126862,14.8358751514729,FALSE,0.590601388059153
2015,8,3.50266175412929,1.70748474381122,0.487482053269422,0.00437267079104622,349.988713838579,1.12404968273625,FALSE,0.487482053269422
2015,9,0,0,NA,NA,NA,NA,TRUE,0.692844330753623
2015,10,0,0,NA,NA,NA,NA,TRUE,0.707604278888608
2016,1,7802.95715917607,1145.46817885439,0.14679923976096,0.0380587086572376,250.962957687211,20.3892256163509,FALSE,0.14679923976096
2016,2,7457.30859879051,2061.99392071801,0.276506449129978,0.0749342460739245,299.373596664149,24.8299157925017,FALSE,0.276506449129978
2016,3,4990.10615786722,2031.31624284106,0.40706874334498,0.0842279789507054,334.844530103039,20.4510596687514,FALSE,0.40706874334498
2016,4,2740.43521967848,1325.21692005024,0.483578998888257,0.082257611783686,351.82987788497,17.3489853070985,FALSE,0.483578998888257
2016,5,1930.31027156371,1030.57683527618,0.533891805093759,0.0741396549206966,362.018489277351,14.1773209629438,FALSE,0.533891805093759
2016,6,756.644401542236,426.158254572058,0.563221314667018,0.0747547841713975,367.512351647846,13.1332139487411,FALSE,0.563221314667018
2016,7,30.4401821471283,18.1815299714985,0.59728716088559,0.108187028278039,372.774910209858,18.8448251523616,FALSE,0.59728716088559
2016,8,0.550433317796095,0.414360626223821,0.752789870865554,NA,400.06285063232,NA,FALSE,0.752789870865554
2016,9,0,0,NA,NA,NA,NA,TRUE,0.707662528999943
2016,10,0,0,NA,NA,NA,NA,TRUE,0.707604278888608
2017,1,67.9878687308717,11.0668950985205,0.162777497002128,0.0413522201777791,258.81390401344,17.6308348813318,FALSE,0.162777497002128
2017,2,17349.2000963708,3668.34289155877,0.211441615243468,0.0524764131557824,275.889591546355,19.6551889212612,FALSE,0.211441615243468
2017,3,9914.43069255786,3315.29047444611,0.334390402964307,0.0627297172180787,315.655175064198,18.179224780809,FALSE,0.334390402964307
2017,4,3151.99579278214,1333.98484682686,0.423219107678252,0.0771927050229009,338.29275699233,19.1122709484714,FALSE,0.423219107678252
2017,5,1456.71133714768,738.069412570212,0.506668269648667,0.0648622166589042,358.176784291448,13.6360526200796,FALSE,0.506668269648667
2017,6,1021.57434130285,543.62862450873,0.532147884426524,0.0679301212431842,363.841231952875,14.1263164447646,FALSE,0.532147884426524
2017,7,248.380456135571,141.619602372795,0.570172084294329,0.0903817672031799,370.717427775668,19.5853503983618,FALSE,0.570172084294329
2017,8,0,0,NA,NA,NA,NA,TRUE,0.695610416357483
2017,9,0,0,NA,NA,NA,NA,TRUE,0.722480727246263
2017,10,0,0,NA,NA,NA,NA,TRUE,0.707604278888608
2018,1,271.766617868725,33.6461729805608,0.123805393187817,0.0332365206497808,234.754378614373,18.7608576034507,FALSE,0.123805393187817
2018,2,895.222719748755,156.813647248697,0.175167188889829,0.0936432070114876,251.816903294218,46.4741468857751,FALSE,0.175167188889829
2018,3,23827.8453765148,7846.95334606855,0.329318627936148,0.0657801264977539,312.359269173639,18.4338079530739,FALSE,0.329318627936148
2018,4,5347.75654298787,2156.75587834778,0.403301059240585,0.0708896160158992,331.041587447739,16.8633101308754,FALSE,0.403301059240585
2018,5,962.188013769978,500.431385895527,0.52009729775657,0.0684760323706559,357.015613021384,13.7259528711071,FALSE,0.52009729775657
2018,6,204.948838133354,109.752162851377,0.53551005144008,0.0751790512576757,360.800132770278,15.5100913937177,FALSE,0.53551005144008
2018,7,110.311856826469,70.0358775525095,0.634889843824157,0.0574899181617985,380.021728587259,10.3247950493141,FALSE,0.634889843824157
2018,8,10.5188494441166,6.71555916815651,0.638430961849413,0.036362415994339,380.618268310357,6.46134013312449,FALSE,0.638430961849413
2018,9,0,0,NA,NA,NA,NA,TRUE,0.737298925492583
2018,10,0,0,NA,NA,NA,NA,TRUE,0.707604278888608
2019,1,42.3267400684229,5.33121756131333,0.125953889968734,0.0237522707542573,234.818460909662,13.6652640726475,FALSE,0.125953889968734
2019,2,5354.18604033401,1492.56164916004,0.278765369360779,0.0441359951771699,298.383451212121,14.9537438930911,FALSE,0.278765369360779
2019,3,7401.61765510994,2511.24529187639,0.339283303852189,0.0378991436734897,316.927272803425,10.601548848646,FALSE,0.339283303852189
2019,4,9596.12530862977,3565.67892647031,0.371574860872618,0.0614850684507507,323.958223238189,15.6272298800618,FALSE,0.371574860872618
2019,5,1698.68427809225,850.074474122201,0.500431119005173,0.0706160835479011,352.591162883722,15.0072835430056,FALSE,0.500431119005173
2019,6,376.300412898308,215.603469337337,0.572955707586751,0.0680634230728774,367.297882408808,12.9089153031877,FALSE,0.572955707586751
2019,7,109.13310594445,66.870553569427,0.61274306261809,0.0893481159310785,373.722660224202,16.3072223121278,FALSE,0.61274306261809
2019,8,63.2570755312745,40.3657623692765,0.638122487172514,0.0641010160859217,378.658212602045,10.9671696584819,FALSE,0.638122487172514
2019,9,2.88397065445932,2.16908371357934,0.752117123738903,0.0572110812035631,398.968454933287,8.79259686433252,FALSE,0.752117123738903
2019,10,0,0,NA,NA,NA,NA,TRUE,0.707604278888608
2020,1,258.582402784791,37.049183562676,0.143278054359758,0.0362009030897187,239.737034091039,18.7534273466069,FALSE,0.143278054359758
2020,2,1985.83104911183,607.437070938057,0.30588557430892,0.0797207580723908,300.301629187035,24.497750784993,FALSE,0.30588557430892
2020,3,7745.95801943117,2996.14040021792,0.386800495523206,0.0506667088534692,323.504151804939,13.214993267662,FALSE,0.386800495523206
2020,4,3187.10846499289,1394.76206577587,0.437626168389278,0.0486898453727606,335.651938321378,11.4301584573002,FALSE,0.437626168389278
2020,5,5589.31272632236,2538.60946363605,0.454189913489847,0.0608858926740452,339.094340246605,13.5359307585356,FALSE,0.454189913489847
2020,6,561.239464907306,303.16228607304,0.540165660166307,0.0851926347603137,356.136093688597,16.6643502565828,FALSE,0.540165660166307
2020,7,75.9964093408988,46.9783381505743,0.618165233831542,0.0602474350141776,371.133952324445,9.52464053031203,FALSE,0.618165233831542
2020,8,6.02022782672495,3.79803456234531,0.630878875627448,0.0158474331723042,372.40072443352,2.76621195943457,FALSE,0.630878875627448
2020,9,3.58520555899603,2.77119467787115,0.772952800688832,0,395,0,FALSE,0.772952800688832
2020,10,0,0,NA,NA,NA,NA,TRUE,0.707604278888608
2021,1,439.838168838617,72.6590742408662,0.165195018051118,0.0457390538285029,253.936648050111,21.695626004539,FALSE,0.165195018051118
2021,2,3033.57805683012,817.512689485389,0.269487936084174,0.0545600698919835,294.149774835843,17.5718413455398,FALSE,0.269487936084174
2021,3,2644.5525817534,978.092911586604,0.369851943324986,0.0606875227478706,321.996603969332,16.6614894993625,FALSE,0.369851943324986
2021,4,3725.32704600571,1637.80585265382,0.439640824128414,0.0676234431841053,336.870782090433,15.9147674365515,FALSE,0.439640824128414
2021,5,936.801222354459,464.623655744173,0.495968242415863,0.0605168086772884,351.354103942649,12.4065265648816,FALSE,0.495968242415863
2021,6,758.22272460963,390.547229311238,0.515082464077176,0.0799874284122139,351.853967460522,16.4157923870912,FALSE,0.515082464077176
2021,7,146.033819682329,91.2106103239112,0.624585527669712,0.0900579498017411,372.891637783457,16.8226806250709,FALSE,0.624585527669712
2021,8,49.7065288351816,28.4558509790886,0.572477130186325,0.0990954852588995,361.665364147437,18.6533898571097,FALSE,0.572477130186325
2021,9,7.34772619821404,5.55696484374065,0.756283603094974,0.0446914792537879,393.605762533672,6.44727718763497,FALSE,0.756283603094974
2021,10,0,0,NA,NA,NA,NA,TRUE,0.707604278888608
2022,1,60.6969433697723,7.40223191041484,0.121953948575625,0.0405601619011536,233.368391957514,21.4382809390587,FALSE,0.121953948575625
2022,2,127.639886970864,26.3525138836469,0.206459865399774,0.0752061842444741,271.828938180544,27.8899930070219,FALSE,0.206459865399774
2022,3,51.7580496384044,17.3222341440988,0.334677103660524,0.0871144367837455,315.164334077686,24.5436045848074,FALSE,0.334677103660524
2022,4,13.9475889650045,6.29165596393651,0.451092728623042,0.0886774782207017,345.19272334818,20.0054240225178,FALSE,0.451092728623042
2022,5,15.6753551626833,7.66116720870144,0.48873962530301,0.0971320246198032,353.701648244483,20.7148336205351,FALSE,0.48873962530301
2022,6,9.5699509381691,5.58793282646238,0.583904020257334,0.0530421419520125,374.10700561217,10.233008152556,FALSE,0.583904020257334
2022,7,5.55455724716687,3.24220099488317,0.583701067539967,0.0715071648360551,373.852881955047,13.3119412147037,FALSE,0.583701067539967
2022,8,0.0333007309896303,0.0229777958271986,0.690008751890575,NA,389.342902816467,NA,FALSE,0.690008751890575
2022,9,0.335306527664487,0.232115738756149,0.692249388560689,NA,393.499757080551,NA,FALSE,0.692249388560689
2022,10,0,0,NA,NA,NA,NA,TRUE,0.707604278888608
